,tweet,max_emotion,sentiment
0,fact check telugu voted second best script world recently,surprise,positive
1,fact check image woman atmanirbhar slogan old picture,neutral,neutral
2,yes vijaya hospital founderÃ¢s grandson died covid19,sadness,negative
3,fact check boston police damage car blame george floyd protesters,anger,negative
4,fact check home ministry ordered complete lockdown 15 june,fear,neutral
5,fact check lemon juice cure covid19,neutral,neutral
6,fact check amitabh bachchan hasnÃ¢t tested negative covid19,neutral,negative
7,viral image grand structure architectural view ayodhya ram mandir iskconÃ¢s vedic planetarium west bengal,neutral,positive
8,fact check viral video amitabh bachchan praising nanavati hospital covid warriors released april,joy,positive
9,fact check bird viral video carrying shark,neutral,neutral
10,fact check viral images people boarding bus london kolkata true,neutral,positive
11,fact check viral cartoon Ã¢lipstick pigÃ¢ depicting modi indian media false,anger,neutral
12,fact check girl cycled 1200 km take injured father home raped murdered,sadness,negative
13,fact check video showing pak chinese soldiers dancing martyrdom 20 indian soldiers old one,joy,neutral
14,fighting infodemic newsmeter part corona virus facts alliance,neutral,negative
15,fact check claims crpf shot killed civilian kashmir false,anger,negative
16,fact check hyderabad school principal misbehave parent questioned fee charged,anger,negative
17,fact check video indians spain celebrating construction ram mandir false,neutral,positive
18,fact check old video dogs roaming around osmania hospital wards resurfaces amid pandemic,fear,neutral
19,fact check dr vk srinivasan bharath biotech didnÃ¢t take covid19 vaccine,neutral,neutral
20,fact check 35yo scientist khusbhoo mirza appointed director isro,surprise,neutral
21,fact check indian air force jet shot nepali forces,neutral,neutral
22,viral video giraffes diving swimming pool real showbut animation,joy,positive
23,true hetero selling 6 vials remdesivir rs 32400 kukatpally,neutral,positive
24,fact check ht report claiming men twice likely die covid misleading,neutral,negative
25,fact check video claiming italy discovered covid19 bacteria virus misleading,neutral,negative
26,fact check dabangg3 fame javed hyder selling vegetables living due lockdown,neutral,positive
27,fact check viral video claiming bhedaghat falls madhya pradesh false,neutral,neutral
28,fact check old news reports used back false claims kcr treated yashoda covid19,anger,neutral
29,fact check whatsapp message kejriwal introducing single scheme three times false,neutral,neutral
30,fact check covid19 cannot transmitted smoke released cremation victims,neutral,negative
31,fact check kerala 2019 notification offering jobs scheduled caste converted christians goes viral,neutral,neutral
32,viral video covid suspectÃ¢ chased dubai returnee kerala hyderabad,neutral,neutral
33,viral video claiming kishore kumarÃ¢s grand daughter muktika ganguly false,anger,positive
34,fact check srirangam temple statue chinese man stabbing warrior,anger,neutral
35,fact check video showing toppled truck carrying liquor bottles tamil nadu ap,fear,neutral
36,fact check viral video claiming large crowd bengaluruÃ¢s victoria hospital patna,surprise,neutral
37,fact check video showing indiaÃ¢s failed missile test russia,sadness,negative
38,fact check christian missionary occupied hindu temple tamil nadu,neutral,neutral
39,fact check nepali students protested support indians,anger,positive
40,fact check nepal soldiers gun 7 indian soldiers ceasefire violation,anger,negative
41,fact check viral video showing nepali man tonsured indian origin,neutral,neutral
42,fact check yes india sent missiles pakistan kargil war raveena tandonÃ¢s love message,neutral,positive
43,fact check true congressled government closed rafale deal 2012,neutral,positive
44,fact check viral claim late prime minister jawahar lal nehru slapped 1962 debacle false,anger,neutral
45,fact check viral message mobile apps alternative pulse oximeters false,neutral,neutral
46,fact check woman viral video neither wouldbe owner padmanabha swamy temple member royal family,neutral,neutral
47,fact check peta killing half animals sheltering,disgust,negative
48,fact check Ã¢ uproar peta billboards promoting vegan bakr eid pulled lucknow,anger,positive
49,fact check viral list plasma donors 2017 shows list blood donors,neutral,neutral
50,rahulÃ¢s claim rafale rs 526 cr instead rs 1670 cr false,neutral,neutral
51,fact check pictures rajiv gandhi claiming bhoomipujan 1989 false,neutral,neutral
52,fact check defence minister rajnath singh didnÃ¢t tie Ã¢nimbumirchiÃ¢ fence border,neutral,positive
53,fact check picture showing ancient well amazing indian architecture built rajaraja chola,surprise,positive
54,fact check ttd send irrelevant religious publicity material saptagiri subscribers,neutral,neutral
55,fact check news newly inaugurated sattarghat bridge bihar collapsed false,surprise,negative
56,fact check national geographic channel didnÃ¢t buy shark video 1 million dollar,neutral,neutral
57,fact check video show snake worship srikalahasthi temple andhra pradesh,neutral,positive
58,fact check viral message sonu sood called help tollfree number true,neutral,positive
59,fact check viral claim 50 million people died 1918 due vaccine flu false,neutral,negative
60,fact check viral video statue unity gallery getting flooded due rainwater misleading,anger,negative
61,fact check viral audio claiming steam inhalation cure covid19 false,neutral,neutral
62,fact check viral messages suddalaÃ¢s demise false,neutral,neutral
63,fact check sushant singh rajputÃ¢s pavitra rishtaÃ¢ taken,neutral,neutral
64,fact check viral image late prime minister indira gandhi burying time capsule red fort true,neutral,positive
65,media reports placing Ã¢time capsuleÃ¢ ayodhya ram mandirÃ¢s foundation false,neutral,neutral
66,fact check viral image worldÃ¢s largest tulsiÃ¢ turns mango tree,neutral,neutral
67,fact check google removed palestine google maps,neutral,neutral
68,fact check union minister meghwalÃ¢s claim papads help produce antibodies fight covid9 false,neutral,positive
69,photos showing members organ trafficking gang arrested vizag false,anger,negative
70,fact check hidden phishing codes shared whatsapp Ã¢good morningÃ¢ messages,neutral,positive
71,fact check yes rare yellow turtle spotted balasore odisha,neutral,positive
72,fact check claim reusing masks covid cause legionnairesÃ¢ disease false,anger,neutral
73,whatsapp viral image rs 350 note photoshopped real,surprise,neutral
74,fact check viral post claiming total 6 massive explosions occurred within 24 hours misleading,neutral,negative
75,fact check aamir khan meet two terrorists trip mecca,neutral,negative
76,fact check viral photos woman suffered acid burns shared misleading claims,disgust,negative
77,lady viral picture adithya thackeray rhea chakraborty,joy,neutral
78,fact check aiims nursing officer recruitment common eligibility test 2020 postponed true,sadness,positive
79,fact check online rumors actress alia bhatt shunted rajamouliÃ¢s rrrÃ¢ false,neutral,neutral
80,fact check amitabh bachchanÃ¢s claim monsoons 400 million years old false,neutral,neutral
81,claims delhi cm arvind kejriwal asked building hospital instead babri masjid false,neutral,neutral
82,fact check bihar cop probing sushant singhÃ¢s death join cbi probe,neutral,negative
83,fact check viral images sunni waqf board deciding build Ã¢babri hospitalÃ¢ ayodhya false,neutral,neutral
84,true balbir singh participated babri masjid demolition converted islam,joy,positive
85,fact check video claiming rally held west bengal protest march bangladesh,neutral,negative
86,fact check massive blast beirut nuclear explosion,surprise,neutral
87,fact check video billboard falling motorcyclist hyderabad,fear,negative
88,image several billboards new york featuring images lord ram manufactured original,surprise,positive
89,fact check bill gates neither expelled india polio drops paralyzed children,fear,positive
90,image boat ambulance tweeted mumbai corporation official maharashtra,neutral,neutral
91,british pm offering prayers ramaÃ¢s idol along wife,joy,neutral
92,fact check viral claim postponement clat 2020 false,neutral,neutral
93,fact check coronavirus pandemic hoax control general public false,neutral,negative
94,fact check video claims covid 19 bacteria treated antibiotics false,neutral,neutral
95,fact check government giving rs 15 lakh municipalities reporting covid cases,neutral,positive
96,fact check video cows getting washed away floods mexico madhya pradesh,neutral,neutral
97,fact check pictures claiming inside pmÃ¢s aircraft false,neutral,neutral
98,fact check claims 111l laddus prepared ayodhya ram mandir bhoomi pujan true,neutral,positive
99,video dalit assaulted made drink urine upper caste men name caste false,disgust,negative
100,fact check viral claims wearing face mask leads lung infections false,neutral,neutral
101,fact check screenshot tweet fake account resembling hindustan times 2yo,neutral,negative
102,fact check claim installation ganesh idol led hindumuslim fight false,neutral,negative
103,fact check old photos falsely passed flooded neetjee exam centres,anger,neutral
104,fact check youtube channelÃ¢s claim power bill waiver false,neutral,neutral
105,fact check viral video lord ganesha misidentified idol made 70kg gold 350kg silver mumbai,neutral,neutral
106,fact check bjp leaderÃ¢s claim 16 women injured jihadis sweden false,anger,negative
107,fact check video claiming google ceo met teacher 26 years false,neutral,neutral
108,fact check karnataka cop force temple priest worship jesus,neutral,positive
109,fact check yes choluteca bridge withstood hurricane mitch 1998,fear,positive
110,message vaccine covid19 market august 15 2020 false,neutral,neutral
111,fact check congress posts unrelated images claims bihar floods false misleading,neutral,negative
112,fact check police beat man hoisted blue flag independence day,anger,neutral
113,fact check claim accident damages would covered pollution certificate valid false,anger,negative
114,fact check indian army attack chinese soldiers grenades,anger,negative
115,fact check claim infrared thermometer guns damage pineal gland false,neutral,negative
116,true israel developed superquick saliva test covid19 yet approved,neutral,positive
117,msg claiming images lord ram ram mandir displayed ny billboard true,neutral,positive
118,fact check video claiming france farewell rafale false,neutral,neutral
119,fact check claim notification filling posts panchayat district council false,neutral,neutral
120,fact check derogatory painting lord krishna removed guwahati gallery 5yo,anger,neutral
121,fact check viral image tricolour srinagarÃ¢s lal chowk false,neutral,neutral
122,fact check lokeshÃ¢s claim journo kunchala picked cops commenting ap policies false,neutral,neutral
123,french presidentÃ¢s message twitter congratulating india acquiring rafale jets false,anger,neutral
124,fact check mars appear big moon aug 27 false,neutral,neutral
125,fact check social media users share old photos maskless biden harris false claims,neutral,positive
126,fact check abp journalistÃ¢s claims viral video shows moulvi kissing bride false,anger,positive
127,fact check medals undivided map india given soldiers participating wwii,neutral,neutral
128,fact check viral claim pm narendra modi following twitter profile japanese woman false,neutral,neutral
129,fact check communallycharged posts claiming fruit juice seller laced juice vasectomy meds false,neutral,neutral
130,fact check claims 40 victims kerala plane crash tested covid19 false,sadness,negative
131,fact check mughal gardens name changed dr rajendra prasad garden false,neutral,neutral
132,fact check story muslim man adopted orphan sisters married according hindu rituals false,neutral,neutral
133,fact check hindu deities inscribed east india company coins false,neutral,neutral
134,fact check digitally manipulated video claims missile led beirut explosion,neutral,negative
135,fact check viral video showing floodwater entering bus delhi jaipur,neutral,neutral
136,fact check viral video young man hospital bed pakistan uttar pradesh,neutral,neutral
137,fact check purported news 18 article 57 deaths Ã¢comdek ugetÃ¢ fake,neutral,negative
138,fact check viral image beautiful structure ayodhyaÃ¢s ram temple delhiÃ¢s akshardham temple,joy,positive
139,fact check viral picture people eating food banana leaves kerala new zealand,neutral,neutral
140,fact check Ã¢ oprah winfrey support child abuse,sadness,negative
141,fact check viral message kidney donation hoax,neutral,negative
142,whatsapp message offering money alleged palliative funds un false,anger,neutral
143,fact check photo showing miserable living conditions indian slums bangladesh,sadness,negative
144,fact check news demise former president pranab mukherjee false,neutral,neutral
145,fact check 2011 video attack prashant bhushan resurfaced backdrop contempt case,anger,negative
146,fact check raam expensive currency world Ã¢bearer bondÃ¢,neutral,neutral
147,fact check viral claims jobs available indian railways outsourcing basis false,neutral,neutral
148,modi release ramayana stamps ahead ram mandir bhoomi pujan,neutral,neutral
149,fact check claim ram mandir trust chief testing positive covid19 true,neutral,positive
150,fact check iaf pilot hilal ahmad rather fly rafale jet france india,neutral,neutral
151,picture showing ratneshwar temple varanasi leaning 9 degree true,neutral,positive
152,fact check media hide reliance acquisition hamleys toys,neutral,negative
153,fact check viral image cable car fire accident palestine haridwar,fear,negative
154,fact check claim supreme court changed motto false,anger,positive
155,fact check women receiving money old video shaheen bagh protestors victims delhi riots,anger,negative
156,fact check kurnool sp issue letter recently sugali preethiÃ¢s death case,sadness,negative
157,true tricolour hoisted first time niagara falls mark indian independence day,joy,positive
158,girl receiving covid19 vaccine shot viral video putinÃ¢s daughter,joy,neutral
159,fact check pictures bad roads west bengal shared,sadness,negative
160,fact check claims recommend wearing masks covid19 false,anger,positive
161,fact check outdated guidelines wearing face masks circulating social media,neutral,neutral
162,fact check video two women beaten mob related communal discrimination,anger,negative
163,fact check andhraÃ¢s deputy cm hoist tricolour upside,neutral,neutral
164,fact check pr stunt tv channel leads police warning phone starting 140,fear,negative
165,fact check distance gandhi green thread cannot determine rs 500 note genuine fake,neutral,negative
166,fact check delhi youth congress falsely passes photo janata curfew students protest,anger,negative
167,fact check south indian actorÃ¢s picture shared doctor succumbed covid19,sadness,positive
168,fact check adani groupÃ¢s punjab grain storage set farm bills passed,neutral,neutral
169,fact check video claiming unemployed youth blocked cm yogi adityanathÃ¢s convoy lucknow false,anger,negative
170,fact check viral photo colombia bus image ambedkar wife fake,neutral,negative
171,fact check amitabh bachchan visited haji ali dargah recovering coronavirus false,neutral,neutral
172,fact check man seen amitabh bachchan viral photo cong leader ashok chavan dawood ibrahim,neutral,neutral
173,fact check picture home minister amit shah sitting sadhus photoshopped,surprise,neutral
174,fact check amulÃ¢s Ã¢rangeela makhanÃ¢ ad 1995 goes viral kanganaÃ¢s remarks urmila,neutral,neutral
175,fact check janshakti party leader passed congress mla anil upadhyay viral video,neutral,positive
176,fact check claim ts govt included chapter ntr 10th class textbooks recently false,neutral,neutral
177,fact check viral claim bin ladenÃ¢s daughterÃ¢s marriage bhojpuri singer false,neutral,neutral
178,fact check bjpÃ¢s infographic showing indiaÃ¢s 19 growth based old imf data,neutral,positive
179,fact check congress leaders share old video bjp leader arrested raping daughter,neutral,negative
180,fact check viral image tirumala hills church watch tower forest department,neutral,neutral
181,fact check viral claim yogi adityanath told hindus exhume bodies muslim women rape false,anger,negative
182,fact check dalit family attacked refusing chant jai shri ram,anger,negative
183,fact check man viral photo ranveer singh deepika padukone dawood ibrahim,neutral,neutral
184,fact check deepika wear profarmers tshirt ncb questioning,neutral,negative
185,fact check video bjp leader threatening judges dance india dance prank,fear,negative
186,fact check video showing drone delivering goods lagos 3dgenerated,neutral,neutral
187,fact check viral picture claiming latest farmersÃ¢ protest old one,anger,negative
188,fact check viral picture old man aiming stone cop dates back 2013,neutral,neutral
189,fact check photos 2017 rajasthan farmersÃ¢ rally shared recent farmersÃ¢ protest haryana,anger,positive
190,fact check video cruise ship greece passed ferry service started pm modi,neutral,neutral
191,fact check Ã¢ claim govt giving free smart phones students false,neutral,positive
192,fact check viral claim us economy contracted india false,neutral,neutral
193,fact check viral claim government distributing free laptops students fake,anger,positive
194,fact check claim govt providing money bereaved families covid19 victims false,anger,negative
195,fact check image claiming govt losing rs 2600 cr due scribbled notes false,neutral,negative
196,fact check viral claim rafale jet crashed ambala airbase fake,anger,negative
197,fact check centre providing rs 2000 girl child pm kanya ayush yojana,neutral,neutral
198,fact check iceland country without mosquitoes,neutral,neutral
199,fact check four year old video chinese loudspeaker related ladakh standoff,neutral,neutral
200,fact check video showing tallest indian flag wagah border hyderabadÃ¢s tank band,surprise,neutral
201,fact check pakistani website hacked indian cyber troops wish pk birthday,surprise,neutral
202,man viral video urging muslims set targets owner himalaya drug co,anger,neutral
203,fact check islamic party flag mistaken pakistani flag bangalore traffic police,neutral,positive
204,fact check viral picture claiming army scaled kailash mansarovar false,neutral,neutral
205,fact check viral image shows kangana mark manuel abu salem,neutral,neutral
206,fact check viral photo hindumuslim couple bjp leader kapil mishraÃ¢s sister brother law,neutral,neutral
207,fact check viral photo showing karni sena mumbai support kangana false,neutral,positive
208,fact check sambit patraÃ¢s claim 2611 terrorist ajmal kasab fed biryani jail false,neutral,negative
209,telangana cm kcr wear sandals inside yadadri temple,neutral,neutral
210,fact check photo showing rss man beaten kerala web series,sadness,negative
211,fact check kerala man pinned police la george floyd congress worker bjp activist,neutral,neutral
212,fact check kolkata knight riders acquire 128 stake reliance retail,neutral,neutral
213,fact check picture showing charred body open coffin indeed vladimir komarov,anger,neutral
214,fact check viral video man jumping flood water indore pakistan,neutral,neutral
215,fact check viral image mi17 chopper crash kedarnath ladakh,fear,negative
216,fact check video pm modi celebrating birthday false,neutral,positive
217,fact check viral image pm modi white gown morphed,neutral,neutral
218,fact check viral picture mosque claiming mumbai mp,neutral,neutral
219,fact check tweet demanding boycott amitabh bachchan jaya bachchan fake twitter handle mukesh khanna,anger,negative
220,fact check image bruised assam mla resurfaces false communal spin,sadness,neutral
221,fact check tweets dr kafeel khan wife fake twitter accounts,neutral,negative
222,fact check three ips officers viral photo siblings,neutral,neutral
223,fact check thackerayÃ¢s tweet claiming kangana receive grand welcome return mumbai false,neutral,positive
224,fact check video claiming mp public shouted kamal nath better option shivaraj cm doctored,neutral,positive
225,fact check collage rakhi sawant pictures embracing pakistani flag movie shot 2019,joy,neutral
226,fact check video chinese tourists pangong tso lake shared misleading claims,neutral,negative
227,fact check pmo disable youtube comments Ã¢mann ki baatÃ¢ avoid backlash neetjee aspirants,anger,negative
228,fact check rahul gandhi cutting cake congress foundation day passed manmohan singhÃ¢s birthday,surprise,negative
229,fact check 2019 photo punjab railway employeesÃ¢ protest shared false claims,anger,positive
230,fact check raj thackerayÃ¢s tweet uddhav kangana false,neutral,neutral
231,fact check bell viral image ayodhya ram mandir,neutral,neutral
232,fact check ranveer singh didnÃ¢t request ncb allow deepika questioning,neutral,positive
233,fact check yes telangana man gets tattoo cyberabad cp sajjanar arm,neutral,positive
234,fact check yes indian govt launched online health consultation scheme,neutral,positive
235,claims sarais act allows individual use washroom hotel free true,neutral,positive
236,fact check michibiki satellite japan connection earthquake felt mumbai srinagar,fear,neutral
237,fact check tweets posted satishmaneshnde official handle rhea chakrabortyÃ¢s lawyer,neutral,neutral
238,fact check raj thackerayÃ¢s wife come defence kangana ranaut,neutral,positive
239,fact check horsehair worm falsely claimed shiva naga tree roots,neutral,neutral
240,fact check viral video shoe thrown madhya pradesh cm shivraj singh chouhan dates back 2018,anger,neutral
241,fact check viral video shiv sainiks assaulting man dates back 2019,anger,negative
242,fact check viral picture creature humanlike face artistic work real,neutral,neutral
243,fact check sood conferred special humanitarian award punjabÃ¢s dept planning undp,neutral,positive
244,fact check viral msg sp balasubrahmanyamÃ¢s family able pay hospital bills false,neutral,negative
245,fact check indeed last virtual concert spb unverifiable contracted virus prog,neutral,neutral
246,fact check viral claim statue dalit soldier beheaded gujarat false,anger,neutral
247,fact check steam pressure cooker cure covid19,neutral,negative
248,fact check true woman sorting vegetables raghavendra mutt sudha murthy,neutral,positive
249,fact check claim actor suriya converting islam false,neutral,neutral
250,fact check cream tartar provide relief migraine,neutral,positive
251,fact check andhra pradesh governmentÃ¢s third standard telugu textbook lesson jesus,neutral,neutral
252,fact check old picture injured tn constable resurfaces false communal spin,sadness,negative
253,fact check claim tn high court changed motto tamil hindi false,anger,neutral
254,fact check image showing canadian pm holding tshirt slamming imposition hindi fake,neutral,negative
255,fact check viral post police beating students contains old pictures,anger,negative
256,fact check claim providing scholarships false,anger,neutral
257,fact check video claiming kidnapping vikarabad woman indeed kolar incident,neutral,neutral
258,fact check viral photo maharashtraÃ¢s first muslim woman sp false,neutral,neutral
259,fact check photo showing laluÃ¢s son inaugurating bahrupiya kala kendra morphed,neutral,neutral
260,fact check morphed pic former cm akhilesh yadav rjd leader tej pratap goes viral,neutral,neutral
261,fact check amit shah flown ny cancer treatment,fear,negative
262,fact check true director balika vadhu selling vegetables azamgarh,neutral,positive
263,fact check viral video girl hit car durgam cheruvu bridge,surprise,neutral
264,fact check old unrelated images passed farmers agitation amaravati,neutral,negative
265,fact check claim priyanka gandhi wearing cross instead Ã¢mangalsutraÃ¢ false,neutral,neutral
266,fact check claim new 200rs notes printed sivaji maharajÃ¢s picture false,neutral,neutral
267,fact check old pictures saraswati idol desecration circulated incite communal tension ap,anger,negative
268,fact check bjp leader dilip ghosh shares old picture bihar claiming west bengal farmers supporting pm modi,neutral,positive
269,fact check viral video hyderabad floods date back september 2019,neutral,neutral
270,fact check expm lal bahadur shastriÃ¢s wife repaid rs 5k loan taken pnb death,sadness,negative
271,fact check old pictures water gushing railway bridge shared false claims,anger,positive
272,fact check viral statement attributed former chief minister akhilesh yadav fake,neutral,negative
273,fact check viral video traffic signal washed away hyderabad flood china,neutral,neutral
274,fact check viral video claiming covid19 vaccine contains microchip altered,neutral,neutral
275,fact check claim raksha bandhan banned kerala false,neutral,negative
276,fact check top army officer lt general taranjit singh arrested,neutral,negative
277,fact check viral picture rahul priyanka gandhi laughing clicked last year hathras visit,joy,positive
278,fact check viral video rickshaw puller crying vehicle seized india,neutral,negative
279,fact check viral image bald woman insta blogger kyrzayda rodriguez,neutral,neutral
280,fact check netizens wrongly expressed condolences ex cm mulayam singh yadav place sp veteran,anger,neutral
281,fact check kashmiri journalist fayaz bukhari misidentified ndtv journalist ravish kumar viral video,neutral,neutral
282,fact check photo bjp worker murdered tmc goons west bengal 2018,sadness,negative
283,fact check viral video bjp mp attacked resurfaced 2016 false claims,neutral,negative
284,fact check mob thrashing man viral video mp congress leader bjp activist bengal,anger,neutral
285,fact check kerala gold smuggling protests passed farmersÃ¢ agitation,anger,negative
286,fact check bjp leader falsely shown father accused hathras rape,anger,negative
287,fact check morphed photo shows police protesting lathicharge,anger,negative
288,fact check woman wrapped barbed wire protesting hathras incident,anger,negative
289,fact check social media users falsely claim wood carving mecca singaporean firm made artist,neutral,neutral
290,fact check viral pictures woman police constable raped killed punjab false,anger,negative
291,fact check viral video crocodile residential area gujarat hyderabad,neutral,neutral
292,fact check yogi adityanath say Ã¢thakurs make mistakesÃ¢,neutral,neutral
293,fact check congress leader passed 2019 image caa protest antirape violence lucknow,anger,negative
294,fact check yes indiaÃ¢s first vertical lift railway sea bridge construction pamban tamil nadu,neutral,positive
295,fact check actorturned chandigarh bjp mp kirron kher say rape part indian culture,neutral,negative
296,fact check rhea chakraborty tweet bail itÃ¢s parody account,neutral,neutral
297,fact check tollywood star pawan kalyan provided z security centre,neutral,positive
298,fact check claims swiss squash player ambre allinckxÃ¢s refusal play india due safety reasons false,anger,positive
299,pakistanÃ¢s ruling party pti tweets old kashmir video claims violence article 370,anger,negative
300,fact check purported news bulletin circulated online add,neutral,neutral
301,pakistan pmÃ¢s nephew posting videos kashmir Ã¢ old unrelated,neutral,neutral
302,fact check unrealistic animal spotted fields near rajasthan,neutral,neutral
303,Ã¢muslimsÃ¢ didnÃ¢t kill Ã¢hinduÃ¢ man viral video attack result family feud,anger,negative
304,fact check video rickshaw puller crying authorities seize rickshaw india,fear,negative
305,women photo Ã¢victims love jihadÃ¢ caught running Ã¢sex racketÃ¢,anger,positive
306,fact check disturbing video 3 year ago shared false,anger,negative
307,us army didnÃ¢t play indian national anthem Ã¢howdy modiÃ¢ event,neutral,positive
308,fact check amartya sen say pubg ban hit indias economy,sadness,negative
309,shivraj singh chouhan fake fractured arm viral photo mirrored image,sadness,negative
310,news portals run headlines based rhea chakrabortys fathers fake twitter account,neutral,negative
311,youth tried kill hindu girl jharkhand isnÃ¢t Ã¢muslimÃ¢ viral video claimed,anger,negative
312,fact check tata motors launched cab service compete,neutral,positive
313,fact check bahrain king robot bodyguard,neutral,neutral
314,actor tweets 2017 image kashmiri child situps says kashmirbleeds,neutral,neutral
315,fact check viral abp news image claiming govt cutting scholarships owing budget shortage,neutral,negative
316,injured infants images viral social media victims citizenship act protests,anger,negative
317,fact check times airs public webinar footage acquired,neutral,neutral
318,viral video false rahul gandhi didnÃ¢t credit mahatma gandhiÃ¢s nonviolence islam,anger,positive
319,fact check old photo military exercise shared visuals recent clash ladakh,neutral,positive
320,grand welcome tamil nadu plogging Ã¢photoopÃ¢ modi fans critics fuel twitter hoaxes,joy,positive
321,fact check location 3 idiots shooting ladakh taken china,neutral,neutral
322,toll gate receipts wonÃ¢t help medical emergency viral message complete hoax,neutral,negative
323,fact check rafale aircraft crash formal induction,fear,negative
324,pakistan social media scores goal viral video Ã¢indian armyÃ¢ raising white flag,joy,neutral
325,fact check viral post attributes false statement schools reopening education minister,neutral,neutral
326,viral Ã¢loc firingÃ¢ video shared diwali wish nothing terror camp strike,fear,positive
327,fact check icmr suggest ivermectin covid19,neutral,neutral
328,2016 image severely injured man shared jnu student protested fee hike,sadness,negative
329,fact check old footage rampant cheating bihar school examination shared neet 2020,disgust,negative
330,fact check viral photo show dr rajendra bharud mother,neutral,neutral
331,rs 133 cr 133 cr Ã¢ upÃ¢s ayodhya diwali got bad press due misreporting media,sadness,negative
332,viral video hailing kejriwal online school attendance actually pakistan,joy,neutral
333,fact check morphed photo shared indian army capturing kailash mountain,neutral,positive
334,video pakistan shared muslim youths robbing couple mumbai,anger,positive
335,fact check incident honor killing falsely shared love jihad,anger,positive
336,unnao farmer beaten police wasnÃ¢t unconscious congress used clipped video,sadness,negative
337,fact check shiv sena goons assault idbi bank employee maharashtra,anger,negative
338,baghdadi death nothing Ã¢pressureÃ¢ modi viral news18 poster fake,fear,negative
339,fact check government recording calls,neutral,neutral
340,viral photo exaap leader alka lamba pointing congress symbol tshirt fake,neutral,negative
341,sudarshan tv claims muslims get 3 years relaxation hindus upsc true,neutral,positive
342,Ã¢hyderabad encounterÃ¢ image going viral 2015 andhra police killed woodcutters,anger,negative
343,fact check unrelated photographs shared recent farmer protest haryana punjab,anger,positive
344,congress posts wrong image wish indian navy day deletes tweet flak,anger,negative
345,iÃ¢ll make kyrgyzstan 1 country world modi,joy,neutral
346,fact check old unrelated photo apparently show gods treated amid covid19 pandemic,neutral,neutral
347,itÃ¢s tukaram omble viral 2611 image actor played film,neutral,positive
348,fact check painting sai baba shared rare original photograph,neutral,positive
349,image bloodsplattered policemen citizenship law protests itÃ¢s 2018,anger,negative
350,fact check fake claim nirav modi saying forced congress escape country,neutral,negative
351,video muslim girl kicked lawyers shared Ã¢hindu rape victimÃ¢ beaten pakistan,anger,negative
352,fact check amul mock urmila matondkar comments kangana ranaut,anger,negative
353,video showing thousands protesting mumbai cab actually bangladesh,anger,negative
354,fact check kangana ranaut claims forced vote shiv,neutral,negative
355,sheep ireland go weeklong sex drive drinking viagra contaminated water,anger,neutral
356,viral video us airstrike killed qassem soleimani video game,anger,negative
357,fact check ani claims muslim community celebrated pm modis birthday outside nizamuddin markaz,joy,positive
358,amu students raise Ã¢antihinduÃ¢ slogans raised voice hindutva,neutral,neutral
359,fact check old photos revived claim police brutality recent,anger,negative
360,bjp leaders share 8yrold image tunnel us atal tunnel inaugurated pm modi,neutral,positive
361,tarek fatah gets wrong video muslims shouting Ã¢islam zindabadÃ¢ kolkata,anger,negative
362,raghuram rajan win us gold medal shobhaa de,joy,positive
363,slow moving queue sarkari bank,neutral,neutral
364,imran khan tweets old dhaka video Ã¢police atrocities upÃ¢ deletes gets slammed,anger,neutral
365,fact check unrelated video shared show plight uighur muslims china,sadness,positive
366,marriage certificate mandatory buying condom dr harshvardhan,neutral,positive
367,fact check viral photos shared false claim queen radhika raje baroda become jain,neutral,positive
368,indian army kill Ã¢unarmed kashmirisÃ¢ video mock drill jharkhand police,anger,negative
369,fact check viral posts ask boycotting shah rukh khan movie doesnt exist,anger,negative
370,muslims pok burning pakistani flags Ã¢ itÃ¢s 3yearold clip uttar pradesh,anger,neutral
371,fact check us economy perform worse india apriljune quarter,sadness,negative
372,pakistani minister shares lathicharge video ram rahim supporters torture kashmiris,disgust,positive
373,fact check woman police officer refuse wear police uniform owing faith,anger,positive
374,video crowded opd delhiÃ¢s rml aiims patna victoria hospital bengaluru,surprise,neutral
375,even ed clarification link pfi bhim army rumor,neutral,neutral
376,abvp members opposing citizenship act itÃ¢s doctored photo,anger,neutral
377,fact check pm modi celebrate birthday industrialists year,joy,positive
378,video kulgam blast passed army action jk post scrapping 370,surprise,positive
379,fact check indian media falsely reports taiwan shot chinese fighter aircraft,neutral,positive
380,fact check photo bangladesh passed need population law india,neutral,neutral
381,fact check misleading whatsapp forward says govt insurance scheme may availed covid19 deaths,neutral,negative
382,incoming call iphone canÃ¢t set steel wool fire viral video edited,neutral,negative
383,fact check old video shared claim dalit farmers burnt alive amid protests,anger,positive
384,steps india taking bring back black money,neutral,neutral
385,fact check mahesh bhats lashing video old unrelated fans reaction upcoming,neutral,neutral
386,rahul kanwal say chanting vande mataram antinational video edited,neutral,neutral
387,fact check scene movie passed ips officers kneeling front politician,surprise,neutral
388,india soon export delhi mumbai air usa,neutral,neutral
389,fact check viral photo 1919 show bhagat singh,joy,neutral
390,man stripped naked beaten Ã¢teasingÃ¢ minor girls viral video muslim,disgust,negative
391,fact check videos showing manhandling woman shared claiming high,disgust,positive
392,tarek fatah unrelenting fake news peddler targets indian muslims regularly,anger,negative
393,fact check old photo shared state crackdown recent farmers,anger,positive
394,fact check vfx video shared glimpse recent protests belarus,neutral,positive
395,maggi toilet paper banned india,neutral,negative
396,fact check putins daughter die receiving covid19 vaccine,sadness,negative
397,sambit patra got wrong aap candidate amanatullah khan didnÃ¢t say Ã¢shariaÃ¢,anger,negative
398,fact check domestic violence case bangladesh passed love,neutral,positive
399,delhi government announces subsidy boats,neutral,neutral
400,fact check bhagavad gita allowed schools article 30a indian constitution,neutral,neutral
401,sara pilot didnÃ¢t tell husband sachin join bjp itÃ¢s fake twitter account,neutral,negative
402,fact check viral posts misidentify congress leader naxal bhabhi,neutral,neutral
403,fact check two men seen old photo indira gandhi jawaharlal nehru,neutral,neutral
404,china seeking court approval kill 20000 coronavirus patients,neutral,negative
405,fact check video huge bell peddled ram temple bell,neutral,positive
406,sambit patra shares fake video excongress mla asks followers factcheck,neutral,negative
407,fact check adani group set silos punjab soon farm bills passed parliament,neutral,neutral
408,baba ramdev build radiation shield mangalyaan2,neutral,neutral
409,fact check mughal gardens rashtrapati bhavan renamed dr,anger,neutral
410,delhi police launches giant lathicharge chambers beat protesters humanly,anger,negative
411,fact check old video cow vigilantism resurfaces recent,neutral,neutral
412,jdu leader ajay alokÃ¢s tweet claiming 40 aap mlas rape accused fake,anger,negative
413,fact check sonia gandhi among worlds richest politicians,neutral,positive
414,itr sheet onion consumption column year,neutral,neutral
415,fact check video circulated claim mosque demolished,anger,neutral
416,fact check gossip hungry media misquotes cricketer sunil gavaskar calls sexist misogynist,anger,negative
417,fact check students iit varanasi discarded black gowns,surprise,negative
418,madhu kishwar tweets 2011 video claim muslim man wore sikh turban caa protest,anger,negative
419,fact check old videos photos old farmers protests shared recent,neutral,positive
420,video bus driver attacked mob delhiÃ¢s communal riots,anger,negative
421,fact check deepika padukone sport pro farmers protest slogan reporting ncb office,anger,negative
422,muslim woman baby buried hindus husband,disgust,neutral
423,fact check unrelated photos kerala shared recent farmers protests,neutral,positive
424,video machine manufacturing snacks shared cautionary claims regarding fake cashew nuts,fear,negative
425,viral photo man urinating ahmedabad wall ahead trump visit fake,neutral,negative
426,fact check video falsely shared founder himalaya drug company giving communal speech,neutral,positive
427,madhu kishwar posts video showing Ã¢anatomy riotsÃ¢ clip actually bangladesh,anger,neutral
428,fact check video circulated claim manmohan singh asked leave chair sonia gandhi,neutral,negative
429,sambit patraÃ¢s Ã¢chullu bharÃ¢ jibe wrongly attributes Ã¢jal samadhiÃ¢ quote sp mp azam khan,anger,neutral
430,fact check video russian protom missile explosion passed failure indian test missile,surprise,negative
431,fake image aap govtÃ¢s ad claims kejriwal promised aid muslim riot victims,anger,negative
432,fact check video greece passed roro ferry gujarats,neutral,neutral
433,video couple sex public shaheen bagh,disgust,neutral
434,fact check maharashtra govt official crying covid19,sadness,negative
435,madhu kishwar shares sunny deolÃ¢s movie clip claim muslim kids radicalised,anger,positive
436,fact check netizens share wrong photo victim hathras crime,anger,negative
437,mandatory post facebook profile video chanting Ã¢bharat mata ki jaiÃ¢ home ministry,anger,positive
438,fact check plastic eggs circulation indian markets,neutral,neutral
439,bagga tweets deletes edited picture amul ad said muslims destroyed delhi,neutral,negative
440,fact check viral posts falsely claims central govt cleared singer sp,neutral,positive
441,fact check video ballet performance 73yrold grandmother grandson,neutral,neutral
442,india use services sony tvÃ¢s cid bring vijay mallya back,neutral,neutral
443,fact check ganpati installation video hyderabad shared false communal claim,anger,positive
444,savings section 80c taxed withdrawal govt,neutral,positive
445,fact check fatwa issued bengal banning series leisure activities,anger,neutral
446,viral video communal flareup stone pelting pakistan bihar,anger,neutral
447,fact check photos road accident shared recent rape punjab,neutral,negative
448,didnÃ¢t say vegetarians havenÃ¢t contracted coronavirus viral twitter post misleading,neutral,negative
449,fact check tn govt madras hc change tamil logos sanskrit,neutral,neutral
450,fact check bjp leader kapil mishra claims video showing police hitting boy old chain,neutral,neutral
451,Ã¢section 144 orderÃ¢ stokes confusion mumbai amid covid19 scare itÃ¢s public,fear,negative
452,fact check home minister amit shah undergoing treatment new york avian sarcoma,neutral,neutral
453,viral photo mother Ã¢dyingÃ¢ covid19 baby actually 1985,neutral,neutral
454,fact check morphed photo shows cm yogi adityanath watching hathras,neutral,neutral
455,viral images money street nothing italy coronavirus,neutral,neutral
456,fact check sonu sood win award conferred united nations development programme,neutral,positive
457,herd deer lounging ootycoimbatore road amid coronavirus lockdown,fear,neutral
458,fact check viral video journalist rolling ground isnt ravish kumar,neutral,neutral
459,rahul priyanka gandhi didnÃ¢t Ã¢break curfew visit friendsÃ¢ viral video december,neutral,neutral
460,fact check yogi adityanath say job save cows women,neutral,positive
461,viral video claiming lockdown violation delhiÃ¢s daryaganj actually surat,fear,negative
462,fact check times india today share unrelated photo atal,neutral,positive
463,fact check flyover collapse bengaluru,fear,negative
464,viral post says us ceo redesigned india map laud modi covid19 4 years old,neutral,neutral
465,fact check viral video shared claim bjp mp harsh vardhan assaulted public,anger,negative
466,fact check scenes street play shared photos 13yrold rape victim nepal,neutral,negative
467,meghna patel head rbi rajan,neutral,neutral
468,fact check old video rally bangladesh falsely linked west,neutral,neutral
469,image iaf chopper showering flowers migrant workers along highway real,joy,neutral
470,fact check doctored news bulletin claims cm said thakurs tend make mistakes hathras rape,neutral,negative
471,doctor dies social media posts claim attacked covid19 patient,anger,negative
472,fact check antifarm reforms protestors conduct mock funeral pm modi,fear,negative
473,Ã¢man 3 wives 32 childrenÃ¢ surfaces twitter facebook,neutral,neutral
474,fact check hathras gangrape accuseds father bjp,anger,neutral
475,waris pathan didnÃ¢t threaten police open mosque amid lockdown viral video 4 years old,fear,negative
476,fact check lieutenant general taranjit singh arrested,sadness,negative
477,photo doctorturnedterrorist goes viral itÃ¢s hizbul commander riyaz naikoo,fear,neutral
478,fact check photo charred woman shared false communal claims,anger,positive
479,social media claims ai seated passengers without social distancing hereÃ¢s fact,neutral,neutral
480,fact check unrelated video shared hathras victim felicitated topping examination,neutral,positive
481,tricolour image srinagarÃ¢s lal chowk shared bjpÃ¢s kapil mishra Ã¢new jkÃ¢,joy,positive
482,samajwadi party workers shout Ã¢pakistan zindabadÃ¢ mumbai railway station,neutral,positive
483,fact check old photo saraswati idol circulated false communal claims,neutral,neutral
484,sambit patra marks 6 Ã¢cars autosÃ¢ priyanka gandhiÃ¢s vehicle list gets 50 wrong,anger,negative
485,fact check video girl beaten shared false claim caste based violence,sadness,negative
486,jk police cracks notorious gang Ã¢the write clubÃ¢,fear,negative
487,fact check mark zuckerberg say jai shri ram written,neutral,neutral
488,new delhi railway station doesnÃ¢t water cooler Ã¢who hussainÃ¢ written,neutral,neutral
489,fact check rahul gandhi pull collar police official,neutral,neutral
490,woman viral image rajasthanÃ¢s minor gangrape victim murdered wife haryana cop,anger,negative
491,fact check photo rahul priyanka gandhi smiling shared recent visit hathras,joy,positive
492,fact check terrorist caught hubli bus stand karnataka,fear,negative
493,haryana governmentÃ¢s new strategy women safety ban education women,fear,negative
494,fact check purported image news18 report saying 57 died due comedk exam karnataka goes,sadness,negative
495,photos man breaking womanÃ¢s body hip goes viral itÃ¢s year,surprise,neutral
496,fact check unrelated video shared claim police manhandled,anger,positive
497,social media claims video people fighting eid hereÃ¢s fact,neutral,negative
498,fact check dilip ghosh shares old photo farmers support bjp,neutral,positive
499,viral photo indira gandhi addressing army jawans leh galwan valley,joy,neutral
500,fact check netizens confuse mlc mulayam singh yadav sp supremo declare dead,fear,negative
501,fact check soldiers galwan valley celebrate ganesh puja claimed viral video,joy,positive
502,aap shares images covid bed facility pragati maidan congress mla says itÃ¢s mumbai,neutral,positive
503,fact check fake quote attributed akhilesh yadav ram hanuman,neutral,negative
