tweet,Sentiment,Emotion,Unnamed: 3
"Prayers for #Ottawa, those directly affected, family of the soldier who died. God keep our land glorious and free.  #WeStandOnGuardForThee",positive,sadness,
"OTTAWA SHOOTING:
- Soldier shot at war memorial
- Parliament Hill locked down
- PM Harper safe, 'off the hill' 
http://t.co/LmbpYiNH9A",negative,sadness,
Witnesses say as many as 50 shots fired at Parliament Hill. Gunfire reported within the Parliament building. #ottawa http://t.co/HGevLjele0,negative,fear,
"Reports gunmen shouted ""Allahu Akbar"" &amp; ""the prophet was avenged"". If we don't share these, they win. #JeSuisCharlie http://t.co/0ykqcFmUJ7",Negative,Fear,
"LOCKDOWN | Parliament, library main branch, U of O, downtown schools, Ottawa police HQ, CBC HQ, Rideau Centre, courthouse. #cbcOTT #OTTnews",negative,fear,
"UPDATE: 12 now confirmed dead in #CharlieHebdo attack in Paris, @AP is reporting. Story: http://t.co/Jfqmha1GdV (AP) http://t.co/vDCIFHIa9U",Negative,Fear,
URGENT: Both #CharlieHebdo suspects killed - reports http://t.co/QZbkbOTJNg http://t.co/PB05L1pWmZ,Negative,Sadness,
.@pmharper and I have been speaking to some of our allies around the world. The PM will address the nation this evening. #OttawaShooting,positive,surprise,
Paris gunman vows to kill 5 hostages if France storms printing plant with brothers accused of attacking newspaper: http://t.co/d2WXdK4XLG,Negative,Fear,
"UPDATE: French police in standoff with #CharlieHebdo attack suspects, hostage believed taken http://t.co/Jzqo5Su0a1 http://t.co/zexuGWcdzd",Neutral,Fear,
"Ottawa Police report a third shooting at Rideau Centre, no reports of injuries.",neutral,surprise,
"The ""Robbery"" Incident Report released by #Ferguson PD today is sketchy at best. What stood out? NAMING #MikeBrown. How did they know?",Negative ,Surprise ,
Sickening. Stay Safe Sydney. Praying hard for all the hostages inside x,neutral,sadness,
#DEVELOPING story here: Soldier shot in Ottawa at War Memorial http://t.co/jjL9ezaDjt,negative,sadness,
‚ÄòBanksy‚Äô Instagram tribute to #CharlieHebdo victims not posted by artist http://t.co/EKlScFGWVu (Pic: Lucille Clerc) http://t.co/ZYEBaU8YUQ,Neutral,Surprise,
"4 #CharlieHebdo cartoonists killed:

- Charb
- Cabu
- Tignous
- Georges Wolinski

#JeSuisCharlie http://t.co/QbaEYog2S2",Negative,Sadness,
"Rest In Peace Corporal Nathan Cirillo. 

#Respect 
#Ottawa 
#Canada 
#tcot http://t.co/1mIBOBohd4",positive,sadness,
"""#Ferguson PD charged a man with destruction of property for bleeding on their uniforms while 4 officers beat him."" http://t.co/x4K1rHyXdn",Negative,Anger,
Two Tory MPs say gunman at Parliament Hill has been 'shot and killed' http://t.co/r2qnyftxXF http://t.co/mksfPjJ73r,negative,sadness,
NHL postpones Wednesday's Leafs-Senators game due to tragedy in Ottawa  http://t.co/Ohec0ceae7 http://t.co/sLeiCmoUN6,negative,surprise,
"CLARIFICATION | The shooting was near the Rideau Centre, police say. Not inside it. #cbcOTT #OTTnews",positive,surprise,
"UPDATE: Shots fired on Parliament Hill, soldier injured at National War Memorial in Ottawa http://t.co/6IRrutW1PI",negative,sadness,
We r being told it's still not safe outside downtown. Shooter on the loose. University of Ottawa shut down.,negative,fear,
"""I know his initial contact was not related to the robbery,"" #Ferguson chief says. ""It was related to blocking the road.""",neutral,surprise,
"OTTAWA SHOOTING
- Soldier shot at memorial has died: Globe, CTV
- Harper to speak later today
http://t.co/DkNJOduorR",negative,sadness,
White man aiming down on police...nothing happens. Unarmed black kid walking back from store shot 10 times. #Ferguson http://t.co/48EcUF2Bwa,Negative,Anger,
Reportedly 13 hostages &amp; 2 or more gunmen inside Lindt cafe in Sydney  #sydneysiege (@liztilley84),Neutral,Fear,
A heartstopping moment as this hostage gets out of the cafe: #sydneysiege https://t.co/1eDrmlRpwG,positive,fear,
"France's transport minister says distress signal was sent from Germanwings plane - @patthomas, @europe1 http://t.co/by471NAzFg",negative,surprise,
#StartUps Uber Offers Free Rides During Sydney Hostage Crisis After Surge Pricing‚Ä¶ http://t.co/r62oIX7twQ #NewsFeed http://t.co/Q0cULw3Dva,positive,joy,
BREAKING: Now free to confirm that radical cleric Sheikh Man Monis has been named as gunman behind #SydneySiege. http://t.co/siHXBFN6RS,negative,fear,
French media say Paris hostage-taker demanding freedom of #CharlieHebdo suspects #ParisAttacks http://t.co/ATmBpjwW3b http://t.co/MI7DYRuBDP,Negative,Fear,
Why would the officer tell #MikeBrown to get out of the street if he was a suspect? #Ferguson,Neutral,Surprise,
"BREAKING  @SkyBusiness: @campricenews: ""At least 1 pol officer injured/4 hostages taken away on stretchers"" #sydneysiege (@carsonscottLIVE)",Negative,sadness,
"Stand easy, brother': Soldier killed in Ottawa identified as Cpl. Nathan Frank Cirillo http://t.co/y43xMQlWMr http://t.co/dIdgjptqUb",negative,sadness,
"OTTAWA SHOOTING
- Soldier shot at memorial
- Parliament Hill on lockdown
- Harper, Mulcair, Trudeau, safe
http://t.co/rrG871HBGv",negative,sadness,
Police confirm that #sydneysiege is finally over. Two people reportedly injured after suffering gunshot wounds. http://t.co/5YzRcTkbme,Negative,Sadness,
Reports of shots fired north-east of Paris as French police pursue two suspected Charlie Hebdo gunmen in car chase http://t.co/FbUYubJDOY,Neutral,Fear,
"#leafs could hear shots from their rooms, I am told. #OttawaShooting",neutral,fear,
"Because, of course, when someone commits a robbery they stroll down the middle of the street where everyone can see them. #Ferguson",Negative,Surprise,
A closer still caption of #Sydneysiege gunman http://t.co/2zFjvlPC1n http://t.co/tk1jwhYDdn,Negative,Fear,
Police in #Ferguson once charged a man for bleeding on their uniforms after 4 of them beat him http://t.co/op11jbVEUq http://t.co/crECAGF4t0,negative ,sadness,
The RCMP and Ottawa police news conference is beginning now. Watch live: http://t.co/alz6qu6Mca #cbcOTT #OTTnews,positive,joy,
Shooting locks down Canadian parliament; one suspect reported dead http://t.co/H3Z4PtvSuU,positive ,joy,
"Terror in #Canada &amp; #Israel today. A soldier murdered in Ottawa, a baby murdered in Jerusalem. Extremist terror is scourge of modern world",negative,sadness,
A number of people are being taken away on stretchers; some appear to be the hostages. #MartinPl #SydneySiege #9News,negative,sadness,
#pmharper tweets 'Canada's thoughts and prayers are with our Australian friends.' 13-40 hostages held in cafe in #Sydney. #SydneySiege,Positive,Sadness,
"Meet Kevin Vickers, the hero who shot down the Parliament Hill gunman #OttawaShooting http://t.co/dFhPJCDREP http://t.co/m4fFmtw8d8",positive,joy,
"""I saw one of the soldiers laying on the ground."" Witnesses depict chaos in #OttawaShooting http://t.co/VeZxrHnPCd http://t.co/1hhIi1ykh2",positive,sadness,
BREAKING @nytimes reporting one pilot on #4U9525 locked out of cockpit before deadly descent. Crash as an accident now called into doubt,negative,surprise,
Take a break from bashing Cheney and waterboarding. Possible ISIS terrorist attack ongoing in Sydney. http://t.co/nkksw4ozE2,negative,fear,
BREAKING: Police: Hostage-taker at Paris market is suspect in slaying of policewoman a day earlier.,Negative,Fear,
#CharlieHebdo gunmen fled in stolen car after 'mass shoot-out' with police officers http://t.co/eocvQn42Hg http://t.co/545ooj5xMM,Negative,Fear,
I am so saddened by the death of a young man serving us and our great nation. God bless him #Ottawa #OttawaShooting,positive,sadness,
"Police name the officer who shot #Ferguson teenager #MichaelBrown. Watch: http://t.co/O76WptH1nE 
http://t.co/R6bxjsY9CZ",Neutral,Surprise,
"So in #Ferguson, robbing a convenience carries the death penalty. Got it.",Negative,Anger,
JUST IN: #Ferguson Police Chief Thomas Jackson tells @RobinRoberts they will release the name of the police officer  today,Neutral,Surprise,
Update - AFP: Aviation official says #Germanwings crew did not send a distress signal,neutral,surprise,
#Ferguson chief said the officer was unaware of any robbery &amp; stopped #MikeBrown for jay walking. #TheJig http://t.co/uLWzIJH5WJ,neutral,surprise,
#BREAKING: Reports hostages can be seen running from the Lindt building in the latest development of the Sydney #siege. #9News,positive,joy,
#BREAKING: Hostages are being held and a siege is taking place at Sydney's Lindt Chocolat Cafe in Martin Place.,negative,sadness,
"French cartoonists Charb, Cabu, Tignous and Wolinski all killed in Charlie Hebdo attack http://t.co/CbudA0P8Op http://t.co/1YlQLrdp70",Neutral,Sadness,
"Five people have been able to flee the hostage situation in Sydney, Australia http://t.co/YsdgCxMdh5",positive,joy,
Twenty-four-year-old Cpl. Nathan Cirillo was shot dead today at the War Memorial in #Ottawa. #cdnpoli #OttawaShooting http://t.co/j42xy9LX5k,negative,sadness,
Special forces stands on the roof of a building in Dammartin-en-Goele where a hostage-taking is underway #AFP http://t.co/gcm7TRRVfd,Neutral,Fear,
French Interior Minister says operation under way to detain 2 #CharlieHebdo suspects http://t.co/2pHnT9UofV,Neutral,Fear,
"Looks like every Charlie Hebdo cartoonist has been killed: 1. Charb - was on Al-Qaeda's hit list; 2. Cabu, 3. Wolinski, 4. Tignous",Negative,Sadness,
Heartbreaking Photo Shows Nathan Cirillo Moments Before Shooting http://t.co/GppG8dZPxq http://t.co/P10wbrBlgo,negative,sadness,
New link: #Ferguson police release video they say shows a robbery involving #MichaelBrown: http://t.co/GMDuU33oed http://t.co/RaAWvjcWNu,Neutral,Anger,
"BREAKING: Hostages are being forced to hold an ISIS flag at a Lindt cafe in Sydney's Martin Place, as police man the doors outside #7NEWS",negative,surprise,
Report: #Ferguson cop identified as unarmed teen's killer skipped town days ago http://t.co/5GQvgcw3LJ,negative,surprise,
Soldier killed at war memorial identified as Nathan Cirillo #HamOnt #OttawaShooting #cndpoli http://t.co/BjEM0my6iT http://t.co/7BFFBm2afL,neutral,surprise,
Sydney Opera House has been completely evacuated and Sydney airspace closed. #siege,Neutral,Fear,
BREAKING NEWS: Market gunman threatens to kill hostages if police storm terrorist brothers. -Paris police,Negative,Fear,
"#BREAKING: Reports that the dead shooting suspect is Michael Zehaf-Bibeau, born 1982. He is reportedly Canadian-born. #OttawaShooting",positive,surprise,
Armed men were reportedly asking for journalists by name at Charlie Hebdo. Unimaginable..  http://t.co/A11KlzNPnn,Negative,Fear,
"16 schoolchildren, two teachers may have been on crashed #Germanwings plane: German town Haltern. http://t.co/XnJBPX64F8",negative,sadness,
"LATEST: Suspected Ottawa gunman identified as Michael Joseph Hall, a convert to Islam; also known as Michael Zehaf-Bibeau - @PeteWilliamsNBC",neutral,surprise,
BREAKING: German air traffic control confirms to NBC NEws that a Germanwings flight has crashed in France. http://t.co/QbF4sKLTCX,negative,sadness,
#BREAKING: Ottawa Police now confirming a 3rd shooting. This one at the Rideau Centre Mall. No word on injuries at that one.#OttawaShooting,neutral ,surprise,
UPDATE: Police have confirmed that live ammunition was used as heavily armed police stormed the caf√© in #MartinPl. #SydneySiege #9News,negative,fear,
2nd Video footage proving #Ferguson PD Chief lied on @Fox2Now RT @TheAnonMessage2: After moments of #MikeBrown death. http://t.co/5V8mTws9Ep,Negative,Surprise,
DEVELOPING story here: Gunman killed in Ottawa; 3 shootings confirmed http://t.co/AmIGGlYu4l,positive,surprise,
"Interesting that #MouradHamydInnocent is trending, started by classmates who say suspect Mourad was in class at time of #CharlieHebdo attack",Neutral,Surprise,
The selective release of information by #Ferguson PD tells us nothing about the shooting. Instead appears to be a basic smear job.,Negative,Anger,
BREAKING UPDATE: Canadian soldier injured at Parliament Hill shooting dies http://t.co/Zp9AKplH9p  #Ottawa,negative,sadness,
At the war memorial in. Ottawa. A soldier has been shot. They are giving him treatment now. #breaking http://t.co/cTmlb1LvgG,negative,sadness,
"11 confirmed dead, Francois Hollande to visit scene of attack - latest from Paris: http://t.co/7N7uvClhWY http://t.co/EgmxARAdEP",Negative,Fear,
Terrible news... Airbus A320 from Barcelona to Dusseldorf has crashed in France (Germanwings Flight 9525). http://t.co/C3zpWZ5bIF,negative,sadness,
"2 new victims en route to Ottawa hospital; 1 shot, both non-life-threatening, hospital says - @MICHAELCTV, @CBCNews https://t.co/wCqPcyqMxK",positive,sadness,
"MUSLIM CONVERT? A German news website, http://t.co/sZQQ0pKwM1 claims Andreas Lubitz was a Muslim convert http://t.co/nX2CXzgiJr",neutral,surprise,
"#Ferguson police say Michael Brown was robbery suspect, which totally explains why he got the death penalty without a trial.",Negative,Anger,
"ALERT Photo: Germanwings crash plane 'lost signal at 6,800 feet,' flight radar shows - @itvnews http://t.co/m358Qc2Na1",negative,sadness,
In what world do you let a cop who killed someone leave town? http://t.co/T0A3rn2PeL #Ferguson,negative,anger,
"Germanwings CEO says 72 Germans, 35 Spanish citizens and two Americans were aboard plane that crashed in France: http://t.co/JSc0IwmqJu",negative,sadness,
Report: #Ferguson police beat up wrong suspect then charged him for getting blood on uniforms in 2009 http://t.co/kLB4im10qo,Negative,Anger,
I'm so disgusted. #Ferguson RT @ZandarVTS: This has now devolved into the worst police shooting cover-up attempt in US history.,negative,anger,
Co-pilot was a fresh convert- http://t.co/paAKWfHdg3,neutral,surprise,
#sydneysiege: Police confirm only one armed suspect is holding undisclosed number of hostages at a cafe http://t.co/wcxgqM4DrH,negative,sadness,
UPDATE | Shots were fired inside Parliament Hill and gun fire was exchanged with hill security. #cbcOTT #OTTnews,negative,fear,
"An #ISIS ""lonewolf"" has taken around 30 people hostage in a Sydney and demanded to talk to the PM, according to Australian media reports.",negative,sadness,
"Ahmed Merabet, a French Police officer, the first victim of #CharlieHebdo attack .. He was a Musilm #RIP http://t.co/Z5Qx2gGMNp",Neutral,Sadness,
"The #Ferguson police chief just basically confirmed #MikeBrown was gunned to death for the crime of walking in the street?

Horrific.",negative,sadness,
"#CharlieHebdo killers dead, confirmed by gendarmerie.",Negative,Sadness,
"Before his death #MikeBrown told his mother, ""The world will know who #MichaelBrown is!"" #Ferguson",Negative,Sadness,
"The surveillance photos, the police report, and this witness account. #Ferguson http://t.co/Sbx9tfA5FA http://t.co/JGgtaXYOxz",Neutral,Surprise,
The important name right now is Cpl. Nathan Cirillo. #ottawa,positive,surprise,
@CBCNews has independently confirmed gunman killed in Parliament attack is Canadian-born Michael Zehaf-Bibeau.#OttawaShooting,positive,surprise,
"Received news that a Germanwings Airbus A320 plane crashed in southern France, carrying 142 passengers &amp; 6 crew onboard.",negative,sadness,
3 people run out of Sydney cafe where hostages are being held. http://t.co/eY2FWZsK7C #sydneysiege,positive,joy,
"Police now say there were two shooting incidents in Ottawa: one at the war memorial, the other on Parliament Hill. http://t.co/q98AMohu7T",positive,surprise,
Ottawa Police won't say if there are still suspects at large; say it is still an active operation - live video http://t.co/aF9HyT9BgX,neutral,surprise,
Sergeant-at-arms Kevin Vickers who reportedly shot suspect hailed as hero http://t.co/CmAVz7UYMN #ottawashooting http://t.co/GNJAq4fWTN,positive,joy,
Parliament was stormed by at least one gunman who shot a soldier standing guard at Canada's war memorial. #cbcOTT #OTTnews,negative ,fear,
"Violence, brutality, suppression of free speech. Attacks on journalists. 

Yeah. Let's believe everything the Police say. #Ferguson",Negative,Anger,
"This is shot that captures the #sydneysiege: sheer terror/relief of escaped hostages, incredible work of @nswpolice http://t.co/iCffJZ9NuZ",positive,joy,
"There is at least one armed suspect involved in Sydney hostage situation, U.S. officials say. http://t.co/02SVSxOrFt",negative,sadness,
LIVE: Paris on alert as gunmen kill twelve in massacre at #CharlieHebdo magazine office: http://t.co/q0K4AorQmJ http://t.co/rb4DycPVeC,Negative,Fear,
"The Germanwings #AirbusA320 was headed from Barcelona, Spain, to Dusseldorf, Germany, French Prime Minister said. http://t.co/iWeLBpmiHS",neutral,surprise,
"Authorities have not yet had direct contact with the hostage taker at a Sydney caf√©, official says. http://t.co/02SVSxOrFt",neutral,sadness,
"In response to Ottawa incidents, NORAD increased number of planes on higher alert status ready to respond if needed. http://t.co/q98AMohu7T",positive,surprise,
"#Ferguson police hand out info to make Michael Brown seem like a thug. But nothing on how he was actually killed, interaction with officer.",Negative,Anger,
Ottawa police: Actively looking for one or more suspects in Canadian parliament shooting. http://t.co/UQ4xo5jvhF,positive,joy,
Snipers now on top of Ottawa's National Art Gallery after gunfire at parliament http://t.co/bEFu7HisyW (@dmatthewmillar pic),positive,surprise,
"PM Abbott calls for calm amid Sydney hostage situation

http://t.co/ZhsbFmxRCv http://t.co/eUAr2DqMGl",positive,joy,
Jewish bakery hit in new shooting and hostage siege in Paris suburb of Vincennes http://t.co/qXnnNaoWjJ via @taylorgroupusa,Negative,Fear,
BREAKING: Hostages held in downtown Sydney cafe; Islamic flag displayed - http://t.co/1L9s58F6mY,Neutral,Fear,
Boom RT @newsneighbor Why was #Ferguson PD still looking for the suspect 7 hours after Michael Brown had been killed? http://t.co/4TH5aFsge2,neutral,surprise,
Condolences to the family of the fallen officer in #Ottawa He was a hero who bravely stood in defence of our country and our freedoms,positive,sadness,
"Suspect in Montrouge killing also suspected in today's market standoff in Paris, source tells CNN affiliate BFMTV. http://t.co/7Bxdhozq4H",Negative,Fear,
"From jaywalking to strong-arm robbery. 

Mhm... #Ferguson",Neutral,Anger,
French officials confirm i/d of #Germanwings copilot as being Andreas  Lubitz. Thought to be 28 y/o. Pictured here. http://t.co/bEKvhEACa1,neutral,surprise,
Chief seems to make it very clear that shooter did NOT write an incident report. 5th Amendment. #Ferguson,positive,surprise,
#BREAKING: Man Monis has been named as the gunman behind the #SydneySiege. #9News http://t.co/NPeQvHs7Pn,neutral ,joy,
"RAW VIDEO : Parliament Hill shooting.
Video from inside Parliament Hill after shots were fired. #breaking http://t.co/sIwoId5RoH #CBCNews",negative,fear,
UPDATE: The latest footage from Sydney #siege shows a man holding a female hostage as a human shield. #9News http://t.co/HlvsOlSjmn,negative,Fear,
UPDATE: French President Fran√ßois Hollande has said that no survivors are expected in Germanwings plane crash over France. #9News,negative,sadness,
"#RCMP to hold news conference on #Ottawa shootings at 2 pm ET, 11 am PT. Watch live coverage @ http://t.co/kngapKTSCe",neutral,surprise,
Watch the moment gunfire and explosions were heard inside the Lindt cafe in Sydney. #sydneysiege http://t.co/AHK0ztOFz9,negative,sadness,
13 hostages are being held in a Sydney store by apparent jihadist supporters http://t.co/XqhQB8SeyN,Neutral,Fear,
French media reporting owner of petrol station saw 2 men wearing masks in car with guns &amp; rocket launcher #CharlieHebdo,Neutral,Fear,
"2 brothers suspected of #CharlieHebdo attack spotted in northern France, sources tell AFP http://t.co/spzmOjmyT4",Neutral,Fear,
RIP Cpl. Nathan Cirillo of the Argyll and Sutherland Highlanders #CanadaStrong http://t.co/dpsb3yvq7j http://t.co/b7enjB7vIa,positive,sadness,
Update: #Ferguson police release stills from convenience store footage showing robbery http://t.co/rl0RgIphUp http://t.co/PHUofG7mJR,Neutral ,Surprise,
BREAKING NEWS: Ottawa police confirm at least 3 separate shooting sites and multiple suspects -  http://t.co/lXFiYaVImZ,positive,surprise,
Another post from a hostage within #lindtcafe during #sydneysiege - showing demands of gunmen; blacked out by media. http://t.co/PdFic0Xr9i,negative,sadness,
"3 people carried out #CharlieHebdo attack, and authorities are searching for them, French interior minister says. http://t.co/zUfxcG3Rfs",Negative,Fear,
"UPDATE: Reports the gunman has released three hostages, with the six hour #siege unravelling. Details to come. #9News",positive,joy,
"Reports that the Jewish community in #France going in to lockdown. Shops, synagogues, schools etc. #ParisShooting #CharlieHebdo",Negative,Fear,
#Banksy's response to today's incident in Paris via his official #Instagram acct http://t.co/LtJ7vgGLau #CharlieHebdo http://t.co/mxbP6olZQD,Neutral,Surprise,
"#BREAKING: Death toll on #Germanwings flight #4U9525 rises to 150 #A320
http://t.co/NK5U1GpHxL",negative,sadness,
"BREAKING: Gunfire, hostages taken in Dammartin-en-Go√´le, east of Paris, as police chase suspected #CharlieHedbo attackers",Neutral,Fear,
"DEVELOPING: Gunman Takes Hostages In Sydney Cafe, 'ISIS' Flags Being Held Against Window - http://t.co/gDkig15YuN http://t.co/suVfoMmBwM",negative,fear,
"Hostages held in Sydney cafe, Islamic flag seen in window: local TV http://t.co/QH867oTxhb",Neutral,Fear,
BREAKING - Germanwings #A320 from Barcelona to Dusseldorf sent out a distress call at 1047 local time,negative,surprise,
Gunfire at Sydney cafe where hostages held; report says at least 1 person shot; more hostages flee http://t.co/Y62bZ2YYa5,negative,sadness,
"#BREAKING At least one injured in Paris kosher grocery shooting, hostage drama: sources",Negative,Fear,
For those confused: gunmen have taken hostages in a Sydney cafe holding a Shahada flag (NOT THE SAME AS ISIS) http://t.co/i9VVwyqN1G,Neutral,Surprise,
"BREAKING: Another shooting and hostage situation is reported in Paris, at least 2 dead http://t.co/Dysuh2lHH3",Negative,Fear,
Disgusting: MO chapter of Klan raising money as ‚Äúreward‚Äù for the officer killing #MikeBrown. #Ferguson #UniteBlue http://t.co/xRCCazRSFs,Negative,Anger,
"Shots were fired at Canada's national war memorial in Ottawa and a ceremonial guard was shot, police say. http://t.co/9KkQ1apxxW",negative,sadness,
Scene at #DammartinEnGoele as police hunt #CharlieHebdo suspects - follow our coverage: http://t.co/HvWOnQGf9x http://t.co/NW8RB0E0kY,Neutral,Fear,
"The copilot of the Germanwings plans, Andreas Guenter Lubitz, appeared to want to ""destroy the plane,"" French prosecutor says.",negative,surprise,
AFP reporting at least five hostages have been taken at kosher shop in Paris - live http://t.co/hRxscrV6yW #CharlieHebdo,Negative,Fear,
"Parliament Hill in lockdown after soldier shot at #Ottawa's War Memorial, just south of East Block.",negative,fear,
"#SYDNEYSIEGE OVER, police confirm. Reports hostage-taker is down http://t.co/kJdiVv0nB9 http://t.co/vuZivnylRv",Positive,Joy,
All passengers and crew feared dead after A320 plane crashes in southern France  http://t.co/H3YACXHTjK #4U9525 More to follow.,negative,fear,
"#Ferguson PD made #MikeBrown the suspect in that ""robbery"" police report. ON WHAT BASIS DID THEY NAME HIM? Unless it was written after....",Negative,Anger,
"5 people escape Sydney siege, 1 Indian among hostages

http://t.co/mHOg6GV1pk http://t.co/G6Ykk7eRZ4",positive,joy,
#BREAKING: One man has been arrested and people are being evacuated from the building #sydneysiege http://t.co/7NdqPYhwcY,Negative,Fear,
Five Hostages Escape Sydney Cafe Siege ‚Äî Live Updates From @BuzzFeedOz http://t.co/LP6ciOWv59 http://t.co/XC6fJKCg4S,positive,joy,
"Store owner told @FOX2now Monday that there was a theft, but said it was not MichaelBrown; said it was someone else #Ferguson",positive,surprise,
Canada's parliament building locked down after shooting; at least one guard injured: http://t.co/Nrsnlg2s04 Photo: AP http://t.co/qPXF4IF6aM,negative,fear,
Germanwings plane crash: #A320 sent distress signal before crashing in French Alps  http://t.co/U4yg4ndyBo http://t.co/6TMygKOETx,negative,surprise,
Police say 12 now dead in #CharlieHebdo attack including 2 police officers; prosecutor says gunmen still at large http://t.co/4AaqPAQMOb,Negative,Fear,
"AFP reports there are 2 dead, and 5 hostages being held in the Kosher store in Eastern Paris; separate incident to charlie hebdo shooters.",Negative,Sadness,
"Andreas Lubitz, co-pilot who brought down #Germanwings flight intentionally, recently commended by the FAA: http://t.co/8dAYQ8vAKF",negative,surprise,
A #Germanwings spokesman confirms two babies were among those on board a flight which crashed in the French Alps http://t.co/npoy1K5Huo,negative,sadness,
Why was #Ferguson PD still looking for the suspect 7 hours after Michael Brown had been killed? http://t.co/xmMMBBN5nT,Neutral,Surprise,
"Suspected #CharlieHebdo killers are in same jihadist group as hostage-taker in Paris store, police union rep says. http://t.co/7Bxdhozq4H",Negative,Fear,
"Hostages held in Sydney cafe, forced to hold Islamic flag in window: http://t.co/UiqFQ372Ae http://t.co/LDeKQuLYcx",negative,fear,
"CANADA PARLIAMENT SHOOTING:
- Active shooter
- 3 separate shooting sites
- 3 injd
- Multiple gunmen
- 1 soldier dead
http://t.co/lXFiYaVImZ",negative,sadness,
Statement from Prime Minister Tony Abbott on Sydney hostage situation. http://t.co/MHkNRZFQWB,Neutral,Joy,
"7 people left #SydneySiege on stretchers, 5 receiving immediate treatment, Australia's ABC reports. http://t.co/Y62bZ2YYa5",Negative,Sadness,
"If the #Germanwings copilot #Lubitz was Muslim,it wud hv been a classic terrorism case.But hes not brown,so clearly it a mental heath issue!",neutral,surprise,
Statement from Ottawa Hospital: received 3 patients. 2 in stable condition. http://t.co/zu5hYPrGDL,positive,surprise,
"#CharlieHebdo suspects killed, hostage freed and safe after police assault. Photo Joel Saget #AFP http://t.co/AW5E6KEuzy",positive,Joy,
Helicopters and vehicles are seen next to a building in Dammartin-en-Goele where a hostage-taking is underway #AFP http://t.co/CBBLljNX0K,Neutral,Fear,
Footage from Globe reporter captures exchange of gun fire in Parliament Hill building https://t.co/FOu4PbNCDq,negative,fear,
French media report the Trocadero near the Eiffel Tower in #Paris has been evacuated and police have been deployed there,Negative,Fear,
Police officer at scene of Paris hostage situation tells the BBC two people are confirmed to have died http://t.co/0wLOuy8soe,Negative,Sadness,
WATCH: Sounds of apparent gunfire inside halls of Canada's Parliament Hill: http://t.co/KzOOm96NEL http://t.co/WOzpsb6dXi,negative,surprise,
"I'm not retweeting the pic of #MikeBrown's body, but evidently he lost the hat and changed his shoes and shorts. And lost ~40 lbs. #Ferguson",Negative,Surprise,
"Terrified faces of hostages taken by jihadists in Sydney.Instead of worrying about ""image of Islam"",worry about them! http://t.co/6tbQYvAnUb",Negative,Fear,
#Ferguson chief let most of day go by b4 disclosing (after repeated Qs) that cop who killed #MikeBrown knew nothing about robbery. DANGER,neutral,surprise,
.@NYTimes reports #Germanwings pilot locked out of cockpit &amp; could not get back in before crash. #AC360 begins now http://t.co/vXigiUHUdS,negative,sadness,
Very reliable source on Parliament Hill tells me the assailant has been killed. #cdnpoli #ottnews,negative,sadness,
This afternoon we've lowered our flags to half mast in honour of the Canadian Reservist who lost his life in Ottawa. http://t.co/3oTF5sd2Lf,positive,sadness,
"Uber backtracks, offers free rides after prices were gouged for people fleeing from Sydney hostage drama: http://t.co/cSIT4JaCjk",negative,anger,
BREAKING: Heavily armed police storm Sydney cafe where gunman has been holding hostages.,positive,joy,
"No one hurt in shooting at Ottawa's Rideau Centre -- scene of 1 of 3 attacks, Canadian police say. http://t.co/qsAnGNqBEw #ottawashooting",positive,joy,
Eleven dead in shooting at Paris offices of satirical magazine Charlie Hebdo ‚Äì live updates http://t.co/gOtSqbwROc,Negative,Fear,
Photo: German Co-Pilot Andreas Lubitz who seems to have crashed the #Germanwings flight no purpose http://t.co/3mSYxvNF3p,negative,surprise,
UPDATE: Airspace across Sydney is in lockdown. @SydOperaHouse has also been evacuated. #9News http://t.co/thAnVN6Tlk,Neutral,Fear,
"BREAKING UPDATE: Gunman demands to speak to #Abbott, asks to bring him #ISIS flag http://t.co/1ZlzKDjvSf #SydneySiege http://t.co/L4GhXZUE2p",neutral,surprise,
"BREAKING | This is a photo of Michael Zehaf-Bibeau, gunman in this morning's shootings in Ottawa. #cbcOTT #OTTnews http://t.co/OLSxlYPelj",negative,anger,
"Developing: Hostage situation in Sydney, Australia. 

Updates: http://t.co/komxnGl3We

Video: http://t.co/6067SdLgHT http://t.co/LKSWfStPV1",Neutral,Fear,
Reports on @channeltennews #sydneysiege gunman wants #ISIL flag delivered to cafe and he also wants to speak to PM or people will be killed.,negative,fear,
"hostages in Sydney right now... my thoughts and prayers are with you guys. 

so much hatred in the world. this isn't the way..
#sydneysiege",neutral,sadness,
Five people have now escaped the #Lindt cafe. Two female hostages ran out just moments ago. #sydneysiege http://t.co/s2xapyaX05,positive,joy,
"Reminder: Forget the robbery, forget the minor looting. NOTHING justifies militarized police pointing sniper rifles at journalists #Ferguson",Negative,Anger,
#BREAKING: unconfirmed reports contact has been made to a Sydney radio station. @campricenews #martinplace http://t.co/M2NCTHb9AZ,Neutral,Surprise,
"Every time the police talk, their story changes. I hate it. #Ferguson",Negative,Anger,
Watch Live: Manhunt for Canadian Parliament shooting suspect http://t.co/oWI4Jj0X5i via @CTVNews http://t.co/iqiSSYHWP2,neutral,surprise,
Ottawa police issued a statement. Three separate shooting incidents. Once inside parliament. One at the war memorial. One at Rideau Centre,neutral,surprise,
"Killing of policewoman in Paris linked to #CharlieHebdo killers, police tell French media after identifying suspect http://t.co/vMD7kvcrjr",Neutral,Surprise,
A woman runs to police from cafe in Sydney during hostage crisis http://t.co/xbLHYWGSdc,positive,joy,
BREAKING NEWS: Ten dead in shooting at headquarters of French satirical weekly Charlie Hebdo - French media @Reuters @akhbar,Negative ,Fear,
Police stand guard as hostages are held in a cafe in Sydney. Follow AFP's LIVE REPORT: http://t.co/yKWnSmShSY http://t.co/wyjunPbDfo,Neutral,Fear,
RT @WatchCTVNews: LIVE NOW: Cops swarm Parliament Hill following reports of a shooting http://t.co/ekj0wMrYdV http://t.co/55Iz2M0542,positive,fear,
#CharlieHebdo shooting suspects tell police they 'prepared to die as martyrs' - French media http://t.co/G6eunBDIrj http://t.co/jOnfaapehF,Neutral,Fear,
"CXN: 1 gunman shot dead in Parliament Hill attack, soldier shot in Ottawa http://t.co/pp6hcfWcRw No report soldier dead. #OttawaShooting",negative,sadness,
Watch video showing gunfire inside Canada's parliament in Ottawa http://t.co/CJpXNAk8nS http://t.co/hxwr2NEr2K,negative,fear,
BREAKING: CTV News confirms that shots have been fired on Parliament Hill.,negative,fear,
Police take down suspect in #MartinPlace. Unclear whether related to siege http://t.co/mHXj4Hbmr9 #Sydney http://t.co/udwnmov1Lb,Neutral,Surprise,
All Muslims are not like that... Okay? RT @DrShobha The co-pilot of the Germanwings Airbus was a convert to Islam,neutral,anger,
"BREAKING: 2 more people seen fleeing Sydney building at center of hostage drama, bringing total of those who escaped to 5.",positive,joy,
MT @mashable #Uber intros surge pricing during #sydneysiege - http://t.co/ypP0wMtOON http://t.co/kbPubroomX,negative,Anger,
#KevinVickers hailed as hero who took down attacker at Parliament Hill http://t.co/2MHOPGuF7w #OttawaShooting http://t.co/zu5I71EU5S,positive,joy,
"This is flag currently held in Sydney window, a garden-variety Islamist flag. Therefore, doesn‚Äôt tell us anything yet http://t.co/DgC6wIsE47",neutral,Surprise,
#BREAKING Another hostage has been seen running out of the cafe #sydneysiege,positive,joy,
"R.I.P. Ahmed Merabet, a French Muslim cop, first victim of #CharlieHebdo #ParisShooting http://t.co/CYQZhV8Sxc",Neutral,Sadness,
"Memo to @ron_fournier: you owe @jimgeraghty an apology:

GERMAN NEWS: Co-Pilot of Germanwings Airbus Was MUSLIM CONVERT",neutral,sadness,
"BREAKING: A #Lufthansa #Germanwings Airbus jet carrying 148 people has crashed in southern #France, en route from #Barcelona to #Duesseldorf",negative,sadness,
BREAKING: Several more hostages flee from Sydney cafe after loud bang is heard.,positive,joy,
"Here are the 3 locations of shootings in #Ottawa around Parliament Hill (GoofleEarth)
From: @CNNJason
http://t.co/DSyNgBC02U",neutral,fear,
Reports that two of the dead in the #CharlieHebdo attack are police officers http://t.co/2J4WQdJnTp http://t.co/LiPDxdq1cb,Negative,Sadness,
Police confirm that #sydneysiege is finally over. Two people reportedly injured after suffering gunshot wounds http://t.co/nsprnSYTDT,Negative,Sadness,
#BREAKING: Trocadero square in Paris is evacuated. Unconfirmed reports of a gunman there http://t.co/XWREHWQuxs,Negative,Fear,
#Ferguson Police apparently has a history of fabrication.  http://t.co/x1d3QTfEBx,Negative,Anger,
TV channels have chosen not to show videos of hostages relaying #sydneysiege gunman's demands. http://t.co/5jtd36wFOU http://t.co/oKJPRv40l3,neutral,sadness,
#Ferguson cops beat innocent man then charged him for bleeding on them: http://t.co/u1ot9Eh5Cq via @MichaelDalynyc http://t.co/AGJW2Pid1r,Negative,Anger,
BREAKING: Ottawa police say they believe there is more than one shooter.,neutral,surprise,
"RIP Cpl. #NathanCirillo üåπüçÅüåπ
Your service never forgotten
Prayers for his family üôè
üò™
#CanadianForces 
#OttawaShooting http://t.co/okrtlIP64Z",negative,sadness,
Sydney 2GB radio shock jock Ray Hadley now retracting many of his earlier claims about #SydneySiege. Appalling 'journalism',Negative,Anger,
Here's everything we know so far about the #sydneysiege. Dozens of hostages are being held. http://t.co/YqNdZrYJQQ http://t.co/rQJCIBxqsm,negative,sadness,
UPDATE: Police storm #Sydney cafe amid gunshots and explosions: http://t.co/Oase2ec1ZZ,negative,Fear,
.@flightradar24 altitude &amp; speed chart of #4U9525. Aircraft entered a steep but constant descent. http://t.co/Hl7IVhZCmy,negative,surprise,
New York Times just reporting one of the pilots was locked out of the cockpit before it crashed #Germanwings #cbc,positive,surprise,
AFP map of the region northeast of Paris where Wednesday's massacre suspects are cornered with hostage http://t.co/H9SwsdTFRf,Neutral,Fear,
"The #Germanwings #A320 plane that crashed in the Alps did make a distress call, CNN's French affiliate says: http://t.co/90w6VC2VBf",negative ,surprise,
"#CharlieHebdo editor-in-chief Stephane Charbonnier, known as ""Charb"", &amp; 3 other cartoonists killed - judicial sources http://t.co/R6fzwhMB6l",Negative,Sadness,
"The Canadian soldier shot at the War Memorial in Ottawa has died, according to two members of Parliament. Live blog: http://t.co/q98AMohu7T",negative,sadness,
Andreas Lubitiz was 'deemed unsuitable for flight duties' during  training #Germanwings http://t.co/nk5GGyuxaa http://t.co/HQpKZD4DSI,negative,anger,
#BREAKING : Both Charlie Hebdo suspects killed as police storm building (police sources) http://t.co/OYSXRQ9xuv http://t.co/8ICThapo7z,Negative,Sadness,
BREAKING NEWS: Soldier shot at National War Memorial in Ottawa http://t.co/pp6hcfWcRw,negative,fear,
Unconfirmed reports gunmen asked for people by name before killing editor and cartoonist http://t.co/26GC840I9k #CharlieHebdo,Negative,Fear,
Reportedly 3 hostages have come out of the #lindt  cafe #sydneysiege,positive,joy,
#BREAKING: @dan_murphy &amp; @chriskkenny have the latest on the hostages inside the Lindt Cafe #SydneySiege. Ch 601 http://t.co/rVeawjhLgf,neutral,surprise,
"""Banksy"" reacts to #CharlieHebdo attack with poignant drawing http://t.co/5uVjGKfQB4 http://t.co/lOMvBsMj5q",Neutral,Surprise,
"Just in: live feeds appears to show #sydneysiege is over, police calmly moving outside cafe, local reporters say gunman down",positive,joy,
At least five people have been released or escaped from a Sydney cafe where an armed man is holding hostages: http://t.co/b0e9piKyqm,positive,joy,
Latest on the manhunt for Charlie Hebdo attackers: http://t.co/JfmqW07Vhk http://t.co/mjiiPM2gHG,Neutral,Fear,
"Question for #Ferguson police chief? If OFFICER DARREN WILSON was in pursuit of a robbery suspect, why tell kids to get out of the road? LIE",Negative,Anger,
BREAKING: Reports that an armed man has taken a hostage in eastern Paris in a third attack #ParisShooting http://t.co/f30TSVt1yN,Negative,Fear,
No survivors' in #Germanwings crash says French transport minister adding it crashed after pilot issued distress signal in good weather,negative,sadness,
"#BREAKING: Shooter is dead, according to sources on Parliament Hill",positive,joy,
"BREAKING: 2 more hostages escape Sydney cafe, local media report",positive,joy,
"LIVE:Coverage of ""several shooting incidents"" at and near Canadian Parliament: http://t.co/0nuzHcvr2J http://t.co/ZJO2hQqtLF",negative,fear,
Killed Charlie Hebdo suspects came out firing on security forces: source (AFP) http://t.co/f1Z7cBsBhu,Negative,Fear,
"Video footage of the the Paris shooting from French TV, via @nycjim, including a shout of Allahu akbar http://t.co/zRCnE2NeQ6",Negative,Fear,
"Stretchers taken from Sydney cafe after police storm building; fate of hostage-taker unknown - @NBCNews, @7NewsSydney http://t.co/N5mmnilz4Z",Neutral,surprise,
Live ammunition and stun grenades used by police as they stormed #MartinPl cafe moments ago. #SydneySiege #9News,negative,sadness,
"Conservative caucus told Canadian soldier shot at War Memorial has died, Soldier has not been named, but was a reservist based in #Hamilton.",negative,sadness,
So I am locked down in Centre Block on Parliament Hill after at least one shooter burst in and opened fire,negative,fear,
Darren Wilson is a six year veteran of the #Ferguson Police and had no disciplinary actions against him.,Neutral,Surprise,
Did anyone think of comparing the clothes that #MikeBrown was wearing when he was laying on the street to the security footage? #Ferguson,Neutral ,Surprise,
FIRST PHOTOS: Hostage pressed against a window. #SydneySiege http://t.co/MOy8zCHp5a,Negative,Fear,
"UPDATE: Two hostage situations in France are linked, Paris prosecutor says: http://t.co/CoH7zjBeax http://t.co/7XgjKRDq4u",Negative,Fear,
Sydney's central business district is under lockdown as gunman takes hostages at a cafe. Live stream as it unfolds: http://t.co/J7YKJcaPqt,negative,sadness,
Update - French television channel 'France 2' are reporting that the hostage held by suspected #CharlieHebdo gunmen is male and 26 years old,Neutral,Surprise,
#RIP Nathan Cirillo #Soldier #Ottawa #Canada love you http://t.co/PkMR8R1pho,positive,sadness,
"#OTTAWA SHOOTING: Police claim multiple suspects at large, ask people to avoid Paraliment area http://t.co/Zp9AKplH9p http://t.co/b3yQV4ewOs",negative,fear,
"BREAKING: Name of co-pilot of crashed #Germanwings flight #4U9525 was German, Named  Andreas Lubitz http://t.co/yeIsO3yzop",negative,sadness,
"If Dorian Johnson is a suspect in a robbery that justified #DarrenWilson killing #MikeBrown, why hasn't Dorian been arrested? #Ferguson",Neutral,Surprise,
"Assuming #MichaelBrown and #DorianJohnson were involved in robbery, when can we expect President Obama's apology to the #Ferguson PD?
#tcot",Negative,Surprise,
#BREAKING: Police have confirmed that the #SydneySiege is over. #9News,Positive,joy,
#Canada Soldier shot today: MT @megunder On Sunday very handsome guard in picture with my friend - RIP Nathan Cirillo http://t.co/qJXlw1hNN3,negative,sadness,
Hostages in Sydney cafe made to hold up Islamic flags http://t.co/I1PsUPekkB,Neutral,Fear,
Sydney Australia: Not technically ISIS flag but Shahadah flag with Islamic creed on it. Commonly used by militants: http://t.co/s7kg2wSrlQ,negative,fear,
"Three attackers being hunted for assault on French magazine #CharlieHebdo, French interior minister says http://t.co/F7ZB9JXIfe",Negative,Fear,
Car chase under way in Paris as gunfight breaks out. Reports of hostages. Latest from Paris: http://t.co/2J4WQdJnTp http://t.co/Lpd4hbiXai,Neutral,Fear,
"BREAKING: A Sydney cafe at Martin Place is being held up - hostages inside have their hands against the windows, ISIS flag visible.. #7News",negative,sadness,
Another shooting reported at the Trocadero near the Eiffel Tower (LIVE UPDATES) http://t.co/cI8cztQjE6,Negative,Fear,
"French police confirm that the #CharlieHebdo attackers shouted ""The Prophet has been avenged"".

Sigh.",Negative,Fear,
Several hostages freed at Jewish supermarket in Paris. Photo Thomas Samson #AFP http://t.co/9AwTF3sRYK,Positive ,Joy,
"And this is Cpl. Nathan Cirillo, the brave #Canadian soldier killed in the #OttawaShooting today. http://t.co/w9EOyX8MAI",negative,sadness,
BREAKING: Paris: 10 dead in attack on satirical paper that poked fun at Mohammed http://t.co/4qqVIjLP8A #CharlieHebdo http://t.co/kqQecEWknq,Negative ,Fear,
BREAKING: Police official: Hostage-taker at Paris market appears linked to newspaper attack suspects.,Negative,Fear,
Paris police say 11 dead after shooting at French satirical weekly Charlie Hebdo http://t.co/K4WBMHDNxO,Negative,Sadness,
The area northeast of Paris where shots were fired in the manhunt for Charlie Hebdo attackers http://t.co/0W4gaarWcf http://t.co/4ejWR9SMM4,Neutral,Fear,
Map of three #Ottawa locations where police say shots have been fired http://t.co/QrP5bauJcR http://t.co/nutT2VYvpD,neutral,surprise,
PM Stephen Harper to address the nation on #OttawaShooting at 7:45 pm/ET. @pmharper #cdnpoli  http://t.co/6U5GV4uBT8,positive,surprise,
BREAKING NEWS: 2 PEOPLE HAVE DIED AND 5 PEOPLE BEING TREATED BY PARAMEDICS IN SYDNEY. SKY NEWS,Negative,sadness,
#BREAKING Paris supermarket hostage-taker 'neutralised': security source,Positive ,Joy,
BREAKING: Germanwings crew did not send distress signal: aviation official - @AFP,neutral ,surprise,
"This was a well-planned attack: the gunmen hit #CharlieHebdo in the middle of the weekly conference, with all staff present.",Negative,Fear,
"#GermanWings co-pilot was a fresh #Muslim convert - http://t.co/iNVyryt5LE via @Orvan 
Converts to #Islam are very disturbed #WhiteMuslims",negative,sadness,
Chilling video allegedly of #CharlieHebdo attackers filmed from rooftop. A cry of 'Allahou Akbar' followed by shots http://t.co/G3rHLmAFtH ‚Ä¶,Negative,Fear,
"Police negotiators have contacted hostage taker in Sydney cafe, police official says. http://t.co/eY2FWZsK7C #sydneysiege",positive,joy,
Ottawa Hospital confirms it has received 3 patients. 2 are in stable condition. Live blog: http://t.co/q98AMohu7T,negative,sadness,
DEVELOPING: #Canada officials identify dead gunman in Parliament shooting as Michael Zehaf-Bibeau. http://t.co/pfaAxISVyR,neutral,surprise,
Praying for the hostages in the cafe in Sydney. No religion represents hate and violence. When will this madness stop. #sydneysiege,neutral,anger,
"Banksy's take on Charlie Hebdo is simple, elegant &amp; uncompromising 
#JeSuisCharlie http://t.co/FoQeqSd548",Neutral,Surprise,
"So the angel Michael Brown who is 6'4"" 290 is the robber of the convenience store! #Ferguson http://t.co/d81cQPHzbi",Negative,Surprise,
Uber reaches 4.0x surge pricing as Sydney faces hostage lockdown  http://t.co/8OCDETqYKE,negative,sadness,
3 people freed from cafe in Sydney under siege. Not clear how many  hostages remain. #sydneysiege,Positive,joy,
BREAKING: Hostage taken after Charlie Hebdo suspects sighted north of Paris http://t.co/nXWWIfklMi,Neutral,Fear,
"#ISIS Media account posts picture claiming to be Michael Zehaf-Bibeau, dead #OttawaShooting suspect. #Canada http://t.co/kWam0E4tyX",negative,surprise,
"On Israeli TV, an Israeli woman speaks of her nephew,a mother with 6 month old baby, held hostage in the supermarket in Paris. #JeSuisJuif",Negative,Sadness,
Hostage taker in Sydney cafe siege named by police as Iranian refugee Haron Monis - @ReutersIndia http://t.co/sTL36g9TzG,neutral ,surprise,
One shooting victim succumbed to injuries. He was a member of the Canadian Forces. Our thoughts and prayers are with him and his loved ones.,positive,sadness,
"#BREAKING: A Germanwings A320 has crashed in France, German officials confirm to @NBCNews",negative,surprise,
Gendarmerie arrive at the hostage taking in Dammartin-en-Goele. Latest: http://t.co/7N7uvClhWY (Pic:Martmann/Reuters) http://t.co/kntlzzmvHm,Neutral,Fear,
"Photo of the moment a cafe worker escaped the #SydneySiege http://t.co/5gHPSYcSKg via @TheHeraldSun 
STORY: http://t.co/CYzb8gilDu",positive,fear,
BREAKING: 10 dead in shooting at headquarters of French satirical weekly #CharlieHebdo - French media citing witnesses. #France,Negative ,Fear,
I feel so much for the hostages in Sydney. I also feel for law-abiding Muslims in Australia. The backlash will be nasty.,neutral,sadness,
DEVELOPING: Airspace shutdown over Sydney amid chocolate shop hostage situation; Islamic flag shown in shop's window http://t.co/MFzlwgLdR7,Neutral,Fear,
"3 people have come running out of the Lindt cafe building, including a man who looked like a cafe worker. #MartinPlaceSiege #sydneysiege",positive,joy,
"First, #MikeBrown was accused of shoplifting. Now, it's a robbery? It's very telling how the #Ferguson PD keeps spewing lie after lie.",Negative,Anger,
#Ferguson officials to release name of cop who shot Michael Brown on Friday http://t.co/x0P9yUhzUU http://t.co/Gk2DxncNov,Neutral,Surprise,
So basically #Ferguson PD hijacked what was supposed to be a press conference about Darren Wilson to call Michael Brown a criminal #NMOS14,Negative,Anger,
"Gunman takes several hostages in Sydney cafe, parades Islamic militants' flag in window. Opera House also evacuated. http://t.co/uatZQpAsOS",Neutral,Fear,
Reports in French media of hostage situation as manhunt for #CharlieHebdo suspects centres on #DammartinEnGoele http://t.co/PNhWZP39md,Neutral,Fear,
#4U9525 UPDATE: 150 people were on board: 142 passengers and 8 crew members http://t.co/ccQWJzwpYZ,neutral,surprise,
DGAC clarifies: Germanwings didn't itself issue distress call but ATC launhed distress phase due combination of descent and no radio contact,neutral,surprise,
#BREAKING news: Shots fired at Parliament Hill. Follow developing story: http://t.co/3k0YV9dfLq http://t.co/atLjT75nz0,negative,fear,
"The co-pilot who rammed the Germanwings plane into the French Alps had previously ""battled depression"" http://t.co/PSBNTXo5AV",neutral,surprise,
"Industrial zone in Dammartin-en-Go√´l, near Paris, scene of hostage taking and manhunt. More: http://t.co/8zhiaZAshc http://t.co/zCpXy3EN1P",Neutral,Fear,
It's not #MikeBrown in those #Ferguson police video stills. Not unless he changed his shoes after the robbery but before he met the officer.,Negative,Surprise,
"Latest update from @germanwings - now saying 144 passengers and six crew, so 150 people on board A320 that crashed http://t.co/uj1VdJyW5s",negative,sadness,
Australian Mufti condemns hostage taking in #Sydney - Statement #SydneyHostageCrisis #SydneySiege #SydneyCafe http://t.co/n38XZVq5iu,positive,joy,
#BREAKING Three hostages run out of Sydney siege cafe: report,positive,joy,
Police have surrounded this building where the suspected #CharlieHebdo attackers are holed-up http://t.co/B0TRvE2iYs http://t.co/becxNG0Kxi,Neutral,Fear,
Reuters: One gunman has been shot dead inside Canadian parliament building #OttawaShooting,negative,sadness,
ISIS -holding a Cafe hostage in Sydney- forcing Hostages to press ISIS flags against the Windows #DramaAlert HOT! http://t.co/XwXLvvWc76,negative,fear,
"Q: Why did he stop Michael Brown? ""Because he was walking down the middle of the street,"" #Ferguson chief says.",neutral,surprise,
Update - French media: identified suspect in #Paris policewoman killing is known associate of suspected #CharlieHebdo gunman Cherif Kouachi,Neutral,Surprise,
Reports: #CharlieHebdo suspects killed http://t.co/rsl4203bcQ,Positive,Joy,
"Police say shots fired at 3 #Ottawa sites -  National War Memorial, Parliament Hill, and now Rideau shopping centre http://t.co/rOnqpUbuqc",neutral,surprise,
Paris: reports that man suspected of killing policewoman has 5 hostages at kosher supermarket  http://t.co/ZuU5xaf25I http://t.co/DVYPLL3XbF,Negative,Fear,
"#BREAKING @CNN reports #sydneysiege appears to be over. Two people are confirmed dead, three in serious condition.",Negative,Sadness,
Police shootout ends 16-hour siege in Martin Place. #sydneysiege http://t.co/OoutIlaTo6,Positive,Joy,
Charlie Hebdo Suspects and Police Are Said to Exchange Fire Northeast of Paris http://t.co/PAeylkumvD,Neutral,Fear,
LIVE: @9NewsAUS coverage of ongoing hostage situation in Sydney's business district. http://t.co/ntlKVOgGWE http://t.co/leHfgNvMgQ,neutral,Sadness,
The co-pilot of the Germanwings Airbus was a convert to Islam - http://t.co/7MHPhG5aIR #RedNationRising,neutral,surprise,
The co-pilot of the Germanwings Airbus was a convert to Islam http://t.co/cXkX67PYQt,neutral,surprise,
"Ottawa Hospital has received 3 patients, 2 of whom are in stable condition. Won't give update on soldier, deferring to DND. #cbcOTT #OTTnews",negative,sadness,
"Officials say 3 gunmen carried out Charlie Hebdo shootings, France‚Äôs bloodiest terrorist attack in nearly 2 decades. http://t.co/03Tiwniedk",Negative,Fear,
Scene at Ottawa war memorial. Soldier on duty shot. http://t.co/QvXGDUM4NC,negative,sadness,
Our thoughts are with the family and friends of Cpl. Nathan Cirillo and all those affected by the events in Ottawa today. #OttawaStrong,positive,sadness,
Educated guess: possible reason they didn't release shooter's incident report--he didn't write one on advice of his lawyer. #Ferguson,neutral,surprise,
#CharlieHebdo - 11 dead including 2 police in Paris shooting. Photo: @MartinBureau1 #AFP http://t.co/xkczbYS82E,Negative,Fear,
BREAKING: Lawyer says that Brown's friend confirms that he did take the cigarillos (via. MSNBC) http://t.co/G6wckF1hVm #Ferguson,Neutral,Surprise,
#BREAKING: Reports of shots fired on Parliament Hill,negative,fear,
#sydneysiege: No confirmation airspace has been shut down yet in Sydney but planes are avoiding the area. http://t.co/7NdqPYhwcY,Neutral,Fear,
BREAKING: Five have now escaped a hostage situation at a cafe in downtown Sydney #sydneysiege http://t.co/gl30dy8PYN http://t.co/7oYbXnAeKV,positive,joy,
The ferguson chief says that his feelings are hurt that ppl consider him a part of the problem. #ferguson http://t.co/VoJGrMOPbZ,Negative,Anger,
"Asked why he released surveillance video of robbery, Chief Jackson responds, ""because the press asked for it."" #MikeBrown #Ferguson",neutral,surprise,
Rest In Peace Cpl. Nathan Cirillo and thank you for serving our country #OttawaShooting http://t.co/Tb062RSRtC,positive,sadness,
#Sydney: Hostages told Australia's #channeltennews the gunman claims there are 2 bombs in the cafe and 2 in CBD area http://t.co/cQ21WPQNAP,neutral,surprise,
#Breaking: Hostage situation reportedly unfolding in #Sydney chocolate shop http://t.co/n4D3yGjso9,Neutral,Fear,
Geoblock lifted on #ABCNews24. Streaming coverage of the Martin Place siege in Sydney here  http://t.co/HvQuvP4SIb.,Neutral,Sadness,
"Hearing about the hostage situation in Sydney, I hope everything calms soon, and no one is harmed",positive,joy,
NHL postpones tonight's Leafs-Senators game because of #OttawaShooting http://t.co/a6JxXm20nZ http://t.co/G80SbMBTlv,negative,surprise,
"There are reportedly 13 hostages in the siege at Martin Place, Sydney CBD - watch us live for continuous updates",negative,Sadness,
"please repost this and stay out of Sydney on New Years, better safe than sorry! http://t.co/hh0PHk55Ps",negative,anger,
"Breaking: At least 10 dead, 5 injured after tO gunman open fire in offices of Charlie  Hebdo,satirical mag that published Mohammed cartoons",Negative ,Fear,
"Seeing reports that soldier shot at War Memorial is still alive. Hang in there, brother. All of Canada is with you.",positive ,surprise,
A Germanwings A320 has crashed en route to Dusseldorf. Flight Radar 24 of the last known position. #4U9525 http://t.co/FrI93NrYFF,negative,sadness,
DEVELOPING: 2 reported dead in second hostage situation at Paris grocery store http://t.co/F4K3C1lot7,Negative,Sadness,
Two women flee #sydneysiege cafe http://t.co/BqHdeSc9Iu via @telegraphvideo http://t.co/iqsGuhpUBG,positive,joy,
"Passenger plane carrying 148 people crashes in the French Alps en route from Spain to Germany.
#Germanwings",negative,sadness,
Paris is on alert after gunmen killed twelve people at the office of satirical magazine Charlie Hebdo http://t.co/aUlvfkdg5u,Negative,Fear,
"Germanwings crash plane 'lost signal at 6,800 feet', flight radar shows http://t.co/AjQxaENYSb http://t.co/cgU1GqKYqK",neutral,surprise,
JUST IN: Police confirm to @ABC there is a second hostage situation underway in eastern Paris,Negative,Fear,
UPDATE: Police confirm they have made contact with the gunman. There are no reported injuries. #9News http://t.co/nZWY5ZyWBe,positive,Joy,
Reports that the AFP is conducting search warrants in the Sydney suburb of Lakemba are incorrect.,Neutral,Sadness,
Banksy's response to the #CharlieHebdo attack isn't by Banksy. But it is striking: http://t.co/mag1lJXzjL http://t.co/3TDPkGFxrx,Neutral,Surprise,
50 hostages in a cafe... at Sydney... Imagine if @Bdutt were reporting this ugly incident.. You would be dead by now....,negative,sadness,
"10 people confirmed dead in Paris attack - rocket launcher used in assault, according to reports http://t.co/7N7uvClhWY",Negative,Fear,
URGENT: Darren Wilson is the police officer who shot Mike Brown http://t.co/RZ1eYcKpiY #Ferguson http://t.co/D2HyKchWvq,Neutral,Surprise,
"#Germanwings update: 
- #Airbus A320 crashes in French Alps
- Barcelona-to-Dusseldorf flight
- 142 passengers &amp; 6 crew members",negative,sadness,
"CONFIRMED | 1 shooter shot dead at Parliament Hill, but there is more than 1 suspect. #cbcOTT #OTTnews",positive,surprise,
"Sydney hostage situation.

LIVE VIDEO: http://t.co/j1ljDbazOw
UPDATES: http://t.co/PD7pVfU9pQ http://t.co/wLddAhd47T",neutral,Fear,
"Hard to believe this guy assaulted a cop. üòÇüòÇüòÇ 

#Ferguson http://t.co/J86VLXnZF6",negative,joy,
to be clear: an unarmed teenager POSSIBLY stealing a box of cigars does not warrant being shot to death by the police. #Ferguson,neutral,sadness,
"#BREAKING: Germanwings jetliner has crashed in Southeastern France, according to officials. All 148 on board are feared dead.",negative,sadness,
CORRECTION: We reported earlier Sydney air space was shut down. That is not correct. No Sydney air space has been shut down. #SydneySiege,Neutral,Surprise,
"BREAKING: #CharlieHebdo suspects ‚Äúalmost certainly behind hostage taking,"" say officials: http://t.co/qB4b5cKvPg http://t.co/iGJNu386dQ",Neutral,Fear,
Military helicopters seen dropping special forces in fields around Dammartin-en-Goele - @SkyNews http://t.co/tap0ntW3Rg,Neutral,Fear,
Soldier killed in Canada shooting was a young reservist with a six-year-old son http://t.co/FI7SGBVfAS http://t.co/7be6Scdwgq Pray for him.,negative,sadness,
#Banksy's take on #CharlieHebdo. #JeSuisCharlie #NousSommesCharlie http://t.co/f6Y07d9fJ1,Neutral,Sadness,
Update - Prosecutor confirms crashed #Germanwings flight co-pilot is Andreas Lubitz and there are strong signs he crashed on purpose,negative,surprise,
[Happening Now] Shooting and hostage situation at Kosher supermarket in eastern #Paris http://t.co/TszoK14DJH http://t.co/lAYTn6mfvs,Negative,Fear,
These are the areas where the #OttawaShootings have been reported.  http://t.co/KkgffESRD5 http://t.co/Vvyip1FQjm,neutral,surprise,
"basically #Ferguson PD did an opposition research dump on mike brown, and not their jobs",Negative,Anger,
Breaking: Sydney On Lockdown as Dramatic Siege Unfolds http://t.co/Xpjpgbf2Pb #sydneysiege http://t.co/31KmD0zuIx,Negative,Fear,
"If we shot everyone in the street for stealing, imagine the carnage on Wall St. #mikebrown #ferguson",Negative,Sadness,
"Police say they have located car belonging to suspect in #Ottawa shooting. Uniformed soldier shot at War Memorial, condition unknown.",neutral,sadness,
"They desecrated #mikebrown's body then they desecrated his memory and plight for justice. 

EXPLAIN THIS. 

#Ferguson #DONTSHOOT",neutral,anger,
"Frank Gardner BBC: ""There are elements of Four Lions here. The gunman has the wrong flag. He is asking for the ISIL flag to be delivered.""",negative,sadness,
Uniformed Canadian soldier shot at War Memorial in #Ottawa.,negative,sadness,
#NHL cancels tonight's game between #Ottawa and #Toronto due to today's shootings. Senators were to host Maple Leafs.,negative,surprise,
"Remarkably, despite the military-style police presence in #Ferguson, a known killer was able to skip town http://t.co/lDGjp6Wt1j",negative,surprise,
"Police say 11 now dead in ""carnage"" at #CharlieHebdo HQ in Paris - follow our coverage: http://t.co/IClDjevRnB http://t.co/aQkN3PMfkt",Negative,Fear,
"Let us condemn the""Sydney cafe seize""&amp; pray for the safe return of hostages. Let's unite to prevent such acts of violence across the world",positive,joy,
BREAKINGNEWS: One of the perpetrators have demanded to speak to President Tony Abbott. Threatens to blow explosives every 30min #sydneysiege,Negative,Fear,
BREAKING: Lufthansa's Germanwings plane crashes in southern France -- Report,negative,sadness,
"Cartoonists Cabu and Charb died in the attack against #CharlieHebdo, @LePoint reports http://t.co/nBdM0iZIq4  http://t.co/XMCXKb8QtK",Negative,Sadness,
CBS reports Ottawa shooting suspect was born in Quebec as Michael Joseph Hall. He's a recent convert to Islam - http://t.co/58IK7FMcA1,neutral,surprise,
German Wings airline tweeting now about reports of plane crashing in French Alps with 148 on board: @germanwings http://t.co/SqUrmcvNKt,negative,sadness,
At least 12 dead in the Paris shooting. Updated story and background info: http://t.co/QlPpQ2ss8j #CharlieHebdo http://t.co/DwMlafsD6K,Negative,Sadness,
"Sydney cafe in hostage crisis may hold up to 10 staff and perhaps 30 customers, Lindt says http://t.co/3KhviIgfR7 http://t.co/UmVzJ6cetn",Neutral,Sadness,
The University of Ottawa is no longer in lockdown. #cbcOTT #OTTnews,positive,surprise,
Soldier shot at National War Memorial in Ottawa http://t.co/WABNVkk7wA http://t.co/SRMYiIoOY9,negative,sadness,
Breaking: Shots fired northeast of Paris involving men believed to be Charlie Hebdo suspects http://t.co/tYCeEMKwOo,Neutral,Fear,
BREAKING: Germanwings airplane crashes in French Alps with 142 passengers http://t.co/v44gsbmtO0 http://t.co/I3t8rnaN5b,negative,sadness,
"JUST IN: Lindt's CEO says there could be as many as 50 hostages inside the cafe in #Sydney 
http://t.co/FlxRZYOxWA http://t.co/eKFi9smVGh",Negative,Fear,
"BREAKING: Police enter #Lindt cafe, hostages flee http://t.co/iuaLgRi7jj  #sydneysiege http://t.co/hXZ8EffN3f",positive,joy,
BREAKING NEWS #A320 crashed could be Germanwings flight #4U9525 from Barcelona to Dusseldorf. (140 passengers),negative,surprise,
Young woman carried out with blood running down her left leg. #sydneysiege,negative,sadness,
"Report: #Ferguson Cop ID'd As Unarmed Teen's Killer Left The Area Days Ago 
http://t.co/fZROKS30VC http://t.co/QAYkm1ielh",positive,surprise,
Construction workers gather in front of #Sydney Opera House after evacuation: http://t.co/z9JrtJ2IN3 #sydneysiege http://t.co/9FphFGenb6,neutral,Joy,
"Ottawa shooting: Nathan Cirillo, reservist from Hamilton, killed in attack
http://t.co/cUzepktlxx http://t.co/hqR6R0q9jl",negative,sadness,
"UPDATE: Reports a gunman is requesting to speak to Australian leaders on live radio, as specialist officers work to make contact. #9News",Neutral,Surprise,
SYDNEY AIRSPACE CLOSED,negative,Surprise,
BREAKING: French police chasing a Peugeot on motorway around Paris and say hostages have been taken by Cahrlie Hedbo attack gunmen.,Neutral,Fear,
Credible sources tell @SunNewsNetwork there may be as many as five active shooters in #Ottawa http://t.co/riheafK9WV http://t.co/stc2O4WlcS,negative,sadness,
"Reports of a plane crash near the French Alps, a GermanWings A320 http://t.co/WDso9Euyhp http://t.co/mpNENahmaW",negative,sadness,
BREAKING @SkyBusiness : multiple gunshots fired into Lindt cafe #sydneysiege http://t.co/ZuJMZKfJKT (@carsonscottLIVE),negative,sadness,
MORE: Police surround kosher grocery store in eastern Paris where armed man is holding hostage http://t.co/cI8cztQjE6 http://t.co/BAwGOO5Wn3,Negative,Fear,
Bystanders taking selfies at scene of Sydney hostage siege. http://t.co/OgTn7iAO1W http://t.co/FkxZWo6dSs,positive,joy,
GERMAN NEWS: Co-Pilot of Germanwings Airbus Was MUSLIM CONVERT ‚Ä¶‚ÄôHero of Islamic State‚Äô? http://t.co/J8budBthpm via @gatewaypundit,negative,anger,
"It was a St. Louis County police officer who shot this man, according to PIO Brian Schellman. #ferguson",Negative,Fear,
"#SYDNEYSIEGE: 5 hostages escape from #Lindt Cafe, more trapped, police in contact with gunman http://t.co/m51P8dUPhB https://t.co/hMQ7clAmHS",positive,joy,
Approximately 50 hostages may be held captive at #Lindt caf√© ‚Äì local reports http://t.co/1ZlzKDjvSf #sydneysiege http://t.co/NvLr5kyQG8,negative,Fear,
LIVE REPORT - Assault in Paris ( #Vincennes ) . Some hostages are  free. http://t.co/umff4LVVJL  #CharlieHebdo http://t.co/tAtUcfI5pc,Positive,Joy,
7) #MikeBrown was approached for mouthing off to a cop (both  #Ferguson PD &amp; eyewitness testimonies reflect this). NOT as a robbery suspect,Negative,Surprise,
Up to 20 held hostage in Sydney Lindt Cafe siege http://t.co/4KisV2PKI5 http://t.co/qIaa63SCQk,Negative,Fear,
Canadian media: Gunman shot soldier at war memorial. http://t.co/zNhxK6wBoy,negative,sadness,
Building in Dammartin-en-Goele where #CharlieHebdo suspects believed to be holed up http://t.co/BXIQYIqT0R http://t.co/HSzL3gK9eT,Neutral,Fear,
"Police have surrounded the area where the #CharlieHebdo attack suspects are believed to be: http://t.co/3tGXEIX4F2
https://t.co/aBSezf2QWS",Neutral,Fear,
Reports that several hostages apparently freed at the #Paris kosher grocery http://t.co/7N7uvClhWY,Positive ,Joy,
Cigarettes on Staten Island. Cigars in #Ferguson. Are these seriously enough to take a life?,Negative,Sadness,
"""I saw a long gun, I heard one shot"" - eye witness to #OttawaShooting at Canadian Parliament http://t.co/509yRD4iCn http://t.co/YmMtvZDLom",neutral,fear,
"University of Ottawa now in lockdown after earlier shooting at Canada's Parliament buildings, @uOttawaDirect says http://t.co/65JM05b8Ts",negative,sadness,
Pilot of Germanwings Airbus Was MUSLIM CONVERT ‚Ä¶‚ÄôHero of Islamic State‚Äô? http://t.co/o7H6OuEfJd via @gatewaypundit http://t.co/GlDWraPosJ,negative,surprise,
BREAKING Charlie Hebdo latest: 11 dead 10 wounded (five critical) two gunmen unaccounted for http://t.co/kjW3uwCV0f http://t.co/9K8ICs97Be,Negative,Fear,
"Three people spotted running out of #Lindt cafe, shielded by heavily armed police. #sydneysiege #martinplacesiege http://t.co/DCezDxucaj",positive,joy,
Reports #CharlieHebdo gunmen were asking for journalists by name before opening fire. Armed with AK47s and RPG,Negative,Fear,
"Several more hostages flee from cafe under siege in Sydney, local media say http://t.co/YjuafDPNEY",positive,joy,
Soldier killed in Canada shooting was a young reservist with a six-year-old son http://t.co/83PReIl9XV http://t.co/LVprXOCCF7,negative,sadness,
Pray with me for those being held hostage right now in Sydney.. And for the police and those responsible.. May peace prevail,Positive,Sadness,
Update - Reuters reports at least one person killed &amp; several injured in shootout before hostage-taking in Dammartin-en-Goele in France,Neutral,Fear,
BREAKING UPDATE: US Consulate in Sydney has been evacuated and US Citizens there being warned to be on high alert. Reuters,Negative,Fear,
Photo of one of the Australian jihadists holding13 hostages in under flag of jihad #Sydney http://t.co/gAEf9aHB8v http://t.co/1Z3hyDpLP7,Negative,Fear,
"Martin Place, Sydney Opera House &amp; State Library evacuated due to #sydneysiege follow our blog
http://t.co/4MUc9ivwbK http://t.co/s6hCQ8QOAs",negative,surprise,
At 8:00 police will release the name of the officer who shot Michael Brown. #Ferguson,Neutral,Surprise,
"#Sydney:  Hostage taker demands ISIS flag, warns of four bombs in city http://t.co/A1hns0CCjF http://t.co/Ep3BPPjSUm",neutral,fear,
"BREAKING: Police official: Suspects in Charlie Hebdo massacre killed, hostage freed.",Positive ,Joy,
Map shows Martin Place in Sydney where hostages are being held in a cafe @AFP http://t.co/WQ2vzn1mTU,Neutral,Sadness,
"""@smokey: ""You can't jump over a murder &amp; talk to me about some cigars‚Ä¶""  @thereval @newsone #Ferguson"" #KeepingItRealRadio",Negative,Anger,
VIDEO Police release surveillance tape from #Ferguson store related to #MichaelBrown: http://t.co/hEIdfPTX60 http://t.co/CIM7L6TJND,positive,surprise,
SYDNEY: Reports of people with their hands up against a window; black flag with Arabic writing - MORE: http://t.co/NBveZGlDni,negative,fear,
"So police narrative in #Ferguson is unarmed teen suspected in unarmed robbery was shot to death. We've still got a problem, Chief.",Negative,Anger,
Every 28 hours a black male is killed in the United States by police or vigilantes. #Ferguson,Negative,Fear,
.@CNN KEEPS playing the video while saying it has nothing to do with the murder of #MikeBrown this is PSYCHOLOGICAL WARFAE. #FERGUSON,negative,anger,
Five hostages have escaped the besieged Lindt Cafe in #Sydney | Our latest update: http://t.co/XJVICQdu0y http://t.co/aNGBZsCmdQ,positive,joy,
Gunmen showed advanced military skills in Paris #CharlieHebdo attack: http://t.co/Q5FIaTLF8G http://t.co/XiZLErM37y,Negative,Fear,
BREAKING - Shooting on Parliament Hill. RCMP have weapons drawn #cdnpoli http://t.co/38qOgXcuet,negative,fear,
Basically: there are 1-2 men holding 13 ppl hostage in a caf√© in Sydney and has made some of the hostages hold an islamic flag in the window,Negative,Fear,
"One pilot was locked out of cockpit before #Germanwings flight #4U9525 crashed, killing 150: http://t.co/A7THsq3ea8",negative,sadness,
Two came out front door of Lindt cafe. One out fire door. They had hands in the air. Appear to be safe. #sydneysiege,positive,joy,
Video: Reporter captures shoot-out in Ottawa's Parliament Hill building. Watch: http://t.co/BIemkWAVtc http://t.co/d0BakjCrAB,negative,fear,
"BREAKING: #Germanwings crash victims include 72 German citizens, 35 Spaniards, 2 Americans, per CEO - via @AP",negative,sadness,
Police hold news conference on #OttawaShooting - follow our coverage here: http://t.co/0YmuK6kMQM,negative,surprise,
Two police officers have been injured in a shooting in #Montrouge in southern #Paris - there is no direct link with the #CharlieHebdo attack,Neutral,Fear,
#BREAKING At least two killed in hostage drama east of Paris: source,Negative,Sadness,
Being shot 10 times in the street for stealing cigars is due process? No arrest. No trial. No conviction‚Äïjust immediate execution. #Ferguson,Negative,Surprise,
"Ten people killed in attack at offices of satirical French magazine Charlie Hebdo, Paris prosecutors say http://t.co/czyz6voZTw",Negative,Fear,
The RCMP will hold a news conference close to 2 p.m. to provide an update on the shootings in Ottawa.,neutral,surprise,
"Rest in Peace, Cpl. Nathan Cirillo. Killed today in #OttawaShooting
http://t.co/YzLXYX5JJt http://t.co/8F0qAcj9sg",negative,sadness,
"BREAKING: Two brothers suspected of #CharlieHebdo terror attacks in Paris killed, according to reports in France http://t.co/23JyHdGnp7",Positive,Joy,
MORE: 3rd person runs out a fire exit of a Sydney building where a hostage situation has been unfolding: http://t.co/sq7lKCSxNd,Positive,joy,
Sydney airspace wasn't closed. A second terror suspect wasn't arrested. Myths around #sydneysiege debunked. http://t.co/yTLKLUKnFd,negative,anger,
BREAKING: French police tell AP suspects in #CharlieHebdo attack have taken a hostage northeast of Paris.,Neutral,Fear,
Chief Jackson: officer was not aware that #MikeBrown was a robbery suspect. #Ferguson,neutral,surprise,
UPDATE: Germanwings says 144 passengers and 6 crew members were aboard the jet that crashed in France. http://t.co/QbF4sKLTCX,negative,sadness,
A loud bang was reportedly heard moments before a group of hostages fled the cafe http://t.co/IxPuyIrNy2 #sydneysiege http://t.co/PjH3lFYdNW,negative,fear,
